0,0,0
1,0,0
2,0,0
3,0,0
4,0.49966836,-0.81129396
5,0.49966836,-0.81129396
6,0.49966836,-0.81129396
7,0.49966836,-0.81129396
8,2.0039732,-3.2923782
9,2.0039732,-3.2923782
10,2.0039732,-3.2923782
11,2.0039732,-3.2923782
12,4.382033,-7.2834888
13,4.382033,-7.2834888
14,4.382033,-7.2834888
15,4.382033,-7.2834888
16,7.3366113,-12.3359165
17,7.3366113,-12.3359165
18,7.3366113,-12.3359165
19,7.3366113,-12.3359165
20,10.455094,-17.781197
21,10.455094,-17.781197
22,10.455094,-17.781197
23,10.455094,-17.781197
24,13.28119,-22.845734
25,13.28119,-22.845734
26,13.28119,-22.845734
27,13.28119,-22.845734
28,15.397779,-26.78656
29,15.397779,-26.78656
30,15.397779,-26.78656
31,15.397779,-26.78656
32,16.497463,-29.0246
33,16.497463,-29.0246
34,16.497463,-29.0246
35,16.497463,-29.0246
36,16.437386,-29.244114
37,16.437386,-29.244114
38,16.437386,-29.244114
39,16.437386,-29.244114
40,15.729384,-28.298992
41,15.729384,-28.298992
42,15.729384,-28.298992
43,15.729384,-28.298992
44,14.901226,-27.108362
45,14.901226,-27.108362
46,14.901226,-27.108362
47,14.901226,-27.108362
48,13.966856,-25.693378
49,13.966856,-25.693378
50,13.966856,-25.693378
51,13.966856,-25.693378
52,12.9444895,-24.0782
53,12.9444895,-24.0782
54,12.9444895,-24.0782
55,12.9444895,-24.0782
56,11.850776,-22.289913
57,11.850776,-22.289913
58,11.850776,-22.289913
59,11.850776,-22.289913
60,10.705027,-20.358395
61,10.705027,-20.358395
62,10.705027,-20.358395
63,10.705027,-20.358395
64,9.524386,-18.315649
65,9.524386,-18.315649
66,9.524386,-18.315649
67,9.524386,-18.315649
68,8.328941,-16.194714
69,8.328941,-16.194714
70,8.328941,-16.194714
71,8.328941,-16.194714
72,7.1355762,-14.028938
73,7.1355762,-14.028938
74,7.1355762,-14.028938
75,7.1355762,-14.028938
76,5.9625783,-11.85203
77,5.9625783,-11.85203
78,5.9625783,-11.85203
79,5.9625783,-11.85203
80,4.8248253,-9.697031
81,4.8248253,-9.697031
82,4.8248253,-9.697031
83,4.8248253,-9.697031
84,3.738704,-7.5960355
85,3.738704,-7.5960355
86,3.738704,-7.5960355
87,3.738704,-7.5960355
88,2.7165742,-5.57838
89,2.7165742,-5.57838
90,2.7165742,-5.57838
91,2.7165742,-5.57838
92,1.7706826,-3.6715207
93,1.7706826,-3.6715207
94,1.7706826,-3.6715207
95,1.7706826,-3.6715207
96,0.9097537,-1.9002908
97,0.9097537,-1.9002908
98,0.9097537,-1.9002908
99,0.9097537,-1.9002908
100,0.14258006,-0.28621113
101,0.14258006,-0.28621113
102,0.14258006,-0.28621113
103,0.14258006,-0.28621113
104,-0.5260069,1.153407
105,-0.5260069,1.153407
106,-0.5260069,1.153407
107,-0.5260069,1.153407
108,-1.0921276,2.404929
109,-1.0921276,2.404929
110,-1.0921276,2.404929
111,-1.0921276,2.404929
112,-1.55492,3.4583857
113,-1.55492,3.4583857
114,-1.55492,3.4583857
115,-1.55492,3.4583857
116,-1.9142517,4.3079944
117,-1.9142517,4.3079944
118,-1.9142517,4.3079944
119,-1.9142517,4.3079944
120,-2.1730535,4.952519
121,-2.1730535,4.952519
122,-2.1730535,4.952519
123,-2.1730535,4.952519
124,-2.3356457,5.39488
125,-2.3356457,5.39488
126,-2.3356457,5.39488
127,-2.3356457,5.39488
128,-2.4078038,5.6411686
129,-2.4078038,5.6411686
130,-2.4078038,5.6411686
131,-2.4078038,5.6411686
132,-2.39656,5.70155
133,-2.39656,5.70155
134,-2.39656,5.70155
135,-2.39656,5.70155
136,-2.3104577,5.5894294
137,-2.3104577,5.5894294
138,-2.3104577,5.5894294
139,-2.3104577,5.5894294
140,-2.159213,5.321389
141,-2.159213,5.321389
142,-2.159213,5.321389
143,-2.159213,5.321389
144,-1.9522568,4.9159427
145,-1.9522568,4.9159427
146,-1.9522568,4.9159427
147,-1.9522568,4.9159427
148,-1.7004836,4.3938627
149,-1.7004836,4.3938627
150,-1.7004836,4.3938627
151,-1.7004836,4.3938627
152,-1.4143676,3.7772644
153,-1.4143676,3.7772644
154,-1.4143676,3.7772644
155,-1.4143676,3.7772644
156,-1.1050092,3.0894043
157,-1.1050092,3.0894043
158,-1.1050092,3.0894043
159,-1.1050092,3.0894043
160,-0.78209436,2.353716
161,-0.78209436,2.353716
162,-0.78209436,2.353716
163,-0.78209436,2.353716
164,-0.45614183,1.5934612
165,-0.45614183,1.5934612
166,-0.45614183,1.5934612
167,-0.45614183,1.5934612
168,-0.13603027,0.8313013
169,-0.13603027,0.8313013
170,-0.13603027,0.8313013
171,-0.13603027,0.8313013
172,0.16950238,0.08841217
173,0.16950238,0.08841217
174,0.16950238,0.08841217
175,0.16950238,0.08841217
176,0.45338768,-0.61512667
177,0.45338768,-0.61512667
178,0.45338768,-0.61512667
179,0.45338768,-0.61512667
180,0.7088954,-1.2617682
181,0.7088954,-1.2617682
182,0.7088954,-1.2617682
183,0.7088954,-1.2617682
184,0.93103075,-1.8360656
185,0.93103075,-1.8360656
186,0.93103075,-1.8360656
187,0.93103075,-1.8360656
188,1.1158333,-2.3256152
189,1.1158333,-2.3256152
190,1.1158333,-2.3256152
191,1.1158333,-2.3256152
192,1.2603678,-2.7203903
193,1.2603678,-2.7203903
194,1.2603678,-2.7203903
195,1.2603678,-2.7203903
196,1.3631302,-3.0136733
197,1.3631302,-3.0136733
198,1.3631302,-3.0136733
199,1.3631302,-3.0136733
200,1.4237521,-3.2017756
201,1.4237521,-3.2017756
202,1.4237521,-3.2017756
203,1.4237521,-3.2017756
204,1.4431226,-3.2841527
205,1.4431226,-3.2841527
206,1.4431226,-3.2841527
207,1.4431226,-3.2841527
208,1.422637,-3.2631338
209,1.422637,-3.2631338
210,1.422637,-3.2631338
211,1.422637,-3.2631338
212,1.365291,-3.1435428
213,1.365291,-3.1435428
214,1.365291,-3.1435428
215,1.365291,-3.1435428
216,1.274471,-2.9332194
217,1.274471,-2.9332194
218,1.274471,-2.9332194
219,1.274471,-2.9332194
220,1.154529,-2.6422503
221,1.154529,-2.6422503
222,1.154529,-2.6422503
223,1.154529,-2.6422503
224,1.0096908,-2.2825134
225,1.0096908,-2.2825134
226,1.0096908,-2.2825134
227,1.0096908,-2.2825134
228,0.8452412,-1.8671514
229,0.8452412,-1.8671514
230,0.8452412,-1.8671514
231,0.8452412,-1.8671514
232,0.66647816,-1.4108634
233,0.66647816,-1.4108634
234,0.66647816,-1.4108634
235,0.66647816,-1.4108634
236,0.47884148,-0.9291532
237,0.47884148,-0.9291532
238,0.47884148,-0.9291532
239,0.47884148,-0.9291532
240,0.28725612,-0.4375372
241,0.28725612,-0.4375372
242,0.28725612,-0.4375372
243,0.28725612,-0.4375372
244,0.09696648,0.04875753
245,0.09696648,0.04875753
246,0.09696648,0.04875753
247,0.09696648,0.04875753
248,-0.08725046,0.5149407
249,-0.08725046,0.5149407
250,-0.08725046,0.5149407
251,-0.08725046,0.5149407
252,-0.26088864,0.9470997
253,-0.26088864,0.9470997
254,-0.26088864,0.9470997
255,-0.26088864,0.9470997
256,-0.42044762,1.3328314
257,-0.42044762,1.3328314
258,-0.42044762,1.3328314
259,-0.42044762,1.3328314
260,-0.562474,1.6614169
261,-0.562474,1.6614169
262,-0.562474,1.6614169
263,-0.562474,1.6614169
264,-0.68428385,1.9240731
265,-0.68428385,1.9240731
266,-0.68428385,1.9240731
267,-0.68428385,1.9240731
268,-0.78400415,2.1142824
269,-0.78400415,2.1142824
270,-0.78400415,2.1142824
271,-0.78400415,2.1142824
272,-0.8603478,2.2276065
273,-0.8603478,2.2276065
274,-0.8603478,2.2276065
275,-0.8603478,2.2276065
276,-0.91268444,2.2623127
277,-0.91268444,2.2623127
278,-0.91268444,2.2623127
279,-0.91268444,2.2623127
280,-0.94083995,2.2189558
281,-0.94083995,2.2189558
282,-0.94083995,2.2189558
283,-0.94083995,2.2189558
284,-0.94570506,2.10058
285,-0.94570506,2.10058
286,-0.94570506,2.10058
287,-0.94570506,2.10058
288,-0.92804784,1.9123333
289,-0.92804784,1.9123333
290,-0.92804784,1.9123333
291,-0.92804784,1.9123333
292,-0.88979095,1.6614462
293,-0.88979095,1.6614462
294,-0.88979095,1.6614462
295,-0.88979095,1.6614462
296,-0.8328458,1.3572159
297,-0.8328458,1.3572159
298,-0.8328458,1.3572159
299,-0.8328458,1.3572159
300,-0.7597108,1.0104443
301,-0.7597108,1.0104443
302,-0.7597108,1.0104443
303,-0.7597108,1.0104443
304,-0.6727315,0.63312554
305,-0.6727315,0.63312554
306,-0.6727315,0.63312554
307,-0.6727315,0.63312554
308,-0.5748764,0.23794913
309,-0.5748764,0.23794913
310,-0.5748764,0.23794913
311,-0.5748764,0.23794913
312,-0.46901456,-0.16168703
313,-0.46901456,-0.16168703
314,-0.46901456,-0.16168703
315,-0.46901456,-0.16168703
316,-0.35815775,-0.5521335
317,-0.35815775,-0.5521335
318,-0.35815775,-0.5521335
319,-0.35815775,-0.5521335
320,-0.24473633,-0.9202928
321,-0.24473633,-0.9202928
322,-0.24473633,-0.9202928
323,-0.24473633,-0.9202928
324,-0.13159846,-1.2539241
325,-0.13159846,-1.2539241
326,-0.13159846,-1.2539241
327,-0.13159846,-1.2539241
328,-0.021210967,-1.5415744
329,-0.021210967,-1.5415744
330,-0.021210967,-1.5415744
331,-0.021210967,-1.5415744
332,0.08419814,-1.773296
333,0.08419814,-1.773296
334,0.08419814,-1.773296
335,0.08419814,-1.773296
336,0.18294954,-1.9408699
337,0.18294954,-1.9408699
338,0.18294954,-1.9408699
339,0.18294954,-1.9408699
340,0.27339685,-2.0382793
341,0.27339685,-2.0382793
342,0.27339685,-2.0382793
343,0.27339685,-2.0382793
344,0.35404688,-2.0613928
345,0.35404688,-2.0613928
346,0.35404688,-2.0613928
347,0.35404688,-2.0613928
348,0.4242304,-2.0084414
349,0.4242304,-2.0084414
350,0.4242304,-2.0084414
351,0.4242304,-2.0084414
352,0.48335126,-1.8801455
353,0.48335126,-1.8801455
354,0.48335126,-1.8801455
355,0.48335126,-1.8801455
356,0.53133595,-1.6797438
357,0.53133595,-1.6797438
358,0.53133595,-1.6797438
359,0.53133595,-1.6797438
360,0.56768256,-1.4127904
361,0.56768256,-1.4127904
362,0.56768256,-1.4127904
363,0.56768256,-1.4127904
364,0.59312034,-1.086907
365,0.59312034,-1.086907
366,0.59312034,-1.086907
367,0.59312034,-1.086907
368,0.60789764,-0.71170926
369,0.60789764,-0.71170926
370,0.60789764,-0.71170926
371,0.60789764,-0.71170926
372,0.6129944,-0.2989443
373,0.6129944,-0.2989443
374,0.6129944,-0.2989443
375,0.6129944,-0.2989443
376,0.60879064,0.13860214
377,0.60879064,0.13860214
378,0.60879064,0.13860214
379,0.60879064,0.13860214
380,0.5966857,0.58676434
381,0.5966857,0.58676434
382,0.5966857,0.58676434
383,0.5966857,0.58676434
384,0.57712144,1.030904
385,0.57712144,1.030904
386,0.57712144,1.030904
387,0.57712144,1.030904
388,0.5516205,1.4559647
389,0.5516205,1.4559647
390,0.5516205,1.4559647
391,0.5516205,1.4559647
392,0.5204843,1.8469976
393,0.5204843,1.8469976
394,0.5204843,1.8469976
395,0.5204843,1.8469976
396,0.4849886,2.189834
397,0.4849886,2.189834
398,0.4849886,2.189834
399,0.4849886,2.189834
400,0.44558865,2.4713056
401,0.44558865,2.4713056
402,0.44558865,2.4713056
403,0.44558865,2.4713056
404,0.40330094,2.6796284
405,0.40330094,2.6796284
406,0.40330094,2.6796284
407,0.40330094,2.6796284
408,0.35828513,2.805065
409,0.35828513,2.805065
410,0.35828513,2.805065
411,0.35828513,2.805065
412,0.3114929,2.8397708
413,0.3114929,2.8397708
414,0.3114929,2.8397708
415,0.3114929,2.8397708
416,0.26257512,2.7786946
417,0.26257512,2.7786946
418,0.26257512,2.7786946
419,0.26257512,2.7786946
420,0.21244423,2.6195288
421,0.21244423,2.6195288
422,0.21244423,2.6195288
423,0.21244423,2.6195288
424,0.1605968,2.3626604
425,0.1605968,2.3626604
426,0.1605968,2.3626604
427,0.1605968,2.3626604
428,0.10751017,2.0116045
429,0.10751017,2.0116045
430,0.10751017,2.0116045
431,0.10751017,2.0116045
432,0.05303752,1.5729514
433,0.05303752,1.5729514
434,0.05303752,1.5729514
435,0.05303752,1.5729514
436,-0.002689487,1.0559582
437,-0.002689487,1.0559582
438,-0.002689487,1.0559582
439,-0.002689487,1.0559582
440,-0.059693016,0.47284502
441,-0.059693016,0.47284502
442,-0.059693016,0.47284502
443,-0.059693016,0.47284502
444,-0.117538415,-0.16177663
445,-0.117538415,-0.16177663
446,-0.117538415,-0.16177663
447,-0.117538415,-0.16177663
448,-0.17653956,-0.8311227
449,-0.17653956,-0.8311227
450,-0.17653956,-0.8311227
451,-0.17653956,-0.8311227
452,-0.23573248,-1.5161517
453,-0.23573248,-1.5161517
454,-0.23573248,-1.5161517
455,-0.23573248,-1.5161517
456,-0.29521888,-2.1969843
457,-0.29521888,-2.1969843
458,-0.29521888,-2.1969843
459,-0.29521888,-2.1969843
460,-0.353985,-2.8528242
461,-0.353985,-2.8528242
462,-0.353985,-2.8528242
463,-0.353985,-2.8528242
464,-0.41141853,-3.4621596
465,-0.41141853,-3.4621596
466,-0.41141853,-3.4621596
467,-0.41141853,-3.4621596
468,-0.46645287,-4.0043035
469,-0.46645287,-4.0043035
470,-0.46645287,-4.0043035
471,-0.46645287,-4.0043035
472,-0.51823264,-4.4590044
473,-0.51823264,-4.4590044
474,-0.51823264,-4.4590044
475,-0.51823264,-4.4590044
476,-0.5650638,-4.807612
477,-0.5650638,-4.807612
478,-0.5650638,-4.807612
479,-0.5650638,-4.807612
480,-0.60623884,-5.0337033
481,-0.60623884,-5.0337033
482,-0.60623884,-5.0337033
483,-0.60623884,-5.0337033
484,-0.63955307,-5.122903
485,-0.63955307,-5.122903
486,-0.63955307,-5.122903
487,-0.63955307,-5.122903
488,-0.6644449,-5.0644636
489,-0.6644449,-5.0644636
490,-0.6644449,-5.0644636
491,-0.6644449,-5.0644636
492,-0.67867637,-4.851246
493,-0.67867637,-4.851246
494,-0.67867637,-4.851246
495,-0.67867637,-4.851246
496,-0.6814959,-4.4793844
497,-0.6814959,-4.4793844
498,-0.6814959,-4.4793844
499,-0.6814959,-4.4793844
500,-0.6711252,-3.9499872
501,-0.6711252,-3.9499872
502,-0.6711252,-3.9499872
503,-0.6711252,-3.9499872
504,-0.6471574,-3.2682877
505,-0.6471574,-3.2682877
506,-0.6471574,-3.2682877
507,-0.6471574,-3.2682877
508,-0.60800326,-2.443983
509,-0.60800326,-2.443983
510,-0.60800326,-2.443983
511,-0.60800326,-2.443983
512,-0.55400306,-1.4915766
513,-0.55400306,-1.4915766
514,-0.55400306,-1.4915766
515,-0.55400306,-1.4915766
516,-0.4841069,-0.42975286
517,-0.4841069,-0.42975286
518,-0.4841069,-0.42975286
519,-0.4841069,-0.42975286
520,-0.39956954,0.71848106
521,-0.39956954,0.71848106
522,-0.39956954,0.71848106
523,-0.39956954,0.71848106
524,-0.29999352,1.9260352
525,-0.29999352,1.9260352
526,-0.29999352,1.9260352
527,-0.29999352,1.9260352
528,-0.18763411,3.162697
529,-0.18763411,3.162697
530,-0.18763411,3.162697
531,-0.18763411,3.162697
532,-0.06311085,4.395197
533,-0.06311085,4.395197
534,-0.06311085,4.395197
535,-0.06311085,4.395197
536,0.07027417,5.5880103
537,0.07027417,5.5880103
538,0.07027417,5.5880103
539,0.07027417,5.5880103
540,0.21103184,6.7040734
541,0.21103184,6.7040734
542,0.21103184,6.7040734
543,0.21103184,6.7040734
544,0.3550217,7.705549
545,0.3550217,7.705549
546,0.3550217,7.705549
547,0.3550217,7.705549
548,0.49966818,8.55453
549,0.49966818,8.55453
550,0.49966818,8.55453
551,0.49966818,8.55453
552,0.6401428,9.2143135
553,0.6401428,9.2143135
554,0.6401428,9.2143135
555,0.6401428,9.2143135
556,0.77326745,9.649782
557,0.77326745,9.649782
558,0.77326745,9.649782
559,0.77326745,9.649782
560,0.8935389,9.828577
561,0.8935389,9.828577
562,0.8935389,9.828577
563,0.8935389,9.828577
564,0.9974802,9.721989
565,0.9974802,9.721989
566,0.9974802,9.721989
567,0.9974802,9.721989
568,1.0796492,9.3053875
569,1.0796492,9.3053875
570,1.0796492,9.3053875
571,1.0796492,9.3053875
572,1.1364644,8.559413
573,1.1364644,8.559413
574,1.1364644,8.559413
575,1.1364644,8.559413
576,1.1628116,7.4706545
577,1.1628116,7.4706545
578,1.1628116,7.4706545
579,1.1628116,7.4706545
580,1.1556463,6.0317507
581,1.1556463,6.0317507
582,1.1556463,6.0317507
583,1.1556463,6.0317507
584,1.1108512,4.242402
585,1.1108512,4.242402
586,1.1108512,4.242402
587,1.1108512,4.242402
588,1.0260572,2.1094024
589,1.0260572,2.1094024
590,1.0260572,2.1094024
591,1.0260572,2.1094024
592,0.8987071,-0.35318208
593,0.8987071,-0.35318208
594,0.8987071,-0.35318208
595,0.8987071,-0.35318208
596,0.7278987,-3.1238558
597,0.7278987,-3.1238558
598,0.7278987,-3.1238558
599,0.7278987,-3.1238558
600,0.51276845,-6.1737247
601,0.51276845,-6.1737247
602,0.51276845,-6.1737247
603,0.51276845,-6.1737247
604,0.25410652,-9.467023
605,0.25410652,-9.467023
606,0.25410652,-9.467023
607,0.25410652,-9.467023
608,-0.04679226,-12.961188
609,-0.04679226,-12.961188
610,-0.04679226,-12.961188
611,-0.04679226,-12.961188
612,-0.38737145,-16.60765
613,-0.38737145,-16.60765
614,-0.38737145,-16.60765
615,-0.38737145,-16.60765
616,-0.7639737,-20.352604
617,-0.7639737,-20.352604
618,-0.7639737,-20.352604
619,-0.7639737,-20.352604
620,-1.1720343,-24.137373
621,-1.1720343,-24.137373
622,-1.1720343,-24.137373
623,-1.1720343,-24.137373
624,-1.6057992,-27.900043
625,-1.6057992,-27.900043
626,-1.6057992,-27.900043
627,-1.6057992,-27.900043
628,-2.0588334,-31.575888
629,-2.0588334,-31.575888
630,-2.0588334,-31.575888
631,-2.0588334,-31.575888
632,-2.5235577,-35.09895
633,-2.5235577,-35.09895
634,-2.5235577,-35.09895
635,-2.5235577,-35.09895
636,-2.9919217,-38.402996
637,-2.9919217,-38.402996
638,-2.9919217,-38.402996
639,-2.9919217,-38.402996
640,-3.455019,-41.422977
641,-3.455019,-41.422977
642,-3.455019,-41.422977
643,-3.455019,-41.422977
644,-3.9036937,-44.095898
645,-3.9036937,-44.095898
646,-3.9036937,-44.095898
647,-3.9036937,-44.095898
648,-4.328163,-46.362434
649,-4.328163,-46.362434
650,-4.328163,-46.362434
651,-4.328163,-46.362434
652,-4.7191925,-48.168163
653,-4.7191925,-48.168163
654,-4.7191925,-48.168163
655,-4.7191925,-48.168163
656,-5.066937,-49.464302
657,-5.066937,-49.464302
658,-5.066937,-49.464302
659,-5.066937,-49.464302
660,-5.362441,-50.209194
661,-5.362441,-50.209194
662,-5.362441,-50.209194
663,-5.362441,-50.209194
664,-5.5966845,-50.3692
665,-5.5966845,-50.3692
666,-5.5966845,-50.3692
667,-5.5966845,-50.3692
668,-5.762025,-49.919277
669,-5.762025,-49.919277
670,-5.762025,-49.919277
671,-5.762025,-49.919277
672,-5.851038,-48.843964
673,-5.851038,-48.843964
674,-5.851038,-48.843964
675,-5.851038,-48.843964
676,-5.857984,-47.137817
677,-5.857984,-47.137817
678,-5.857984,-47.137817
679,-5.857984,-47.137817
680,-5.778096,-44.805748
681,-5.778096,-44.805748
682,-5.778096,-44.805748
683,-5.778096,-44.805748
684,-5.608012,-41.863018
685,-5.608012,-41.863018
686,-5.608012,-41.863018
687,-5.608012,-41.863018
688,-5.345957,-38.33556
689,-5.345957,-38.33556
690,-5.345957,-38.33556
691,-5.345957,-38.33556
692,-4.99195,-34.259476
693,-4.99195,-34.259476
694,-4.99195,-34.259476
695,-4.99195,-34.259476
696,-4.547525,-29.68056
697,-4.547525,-29.68056
698,-4.547525,-29.68056
699,-4.547525,-29.68056
700,-4.0158453,-24.65404
701,-4.0158453,-24.65404
702,-4.0158453,-24.65404
703,-4.0158453,-24.65404
704,-3.4021714,-19.243471
705,-3.4021714,-19.243471
706,-3.4021714,-19.243471
707,-3.4021714,-19.243471
708,-2.7130785,-13.519643
709,-2.7130785,-13.519643
710,-2.7130785,-13.519643
711,-2.7130785,-13.519643
712,-1.9569616,-7.559818
713,-1.9569616,-7.559818
714,-1.9569616,-7.559818
715,-1.9569616,-7.559818
716,-1.1435336,-1.4464445
717,-1.1435336,-1.4464445
718,-1.1435336,-1.4464445
719,-1.1435336,-1.4464445
720,-0.28417397,4.734476
721,-0.28417397,4.734476
722,-0.28417397,4.734476
723,-0.28417397,4.734476
724,0.60895085,10.894842
725,0.60895085,10.894842
726,0.60895085,10.894842
727,0.60895085,10.894842
728,1.5223768,16.94564
729,1.5223768,16.94564
730,1.5223768,16.94564
731,1.5223768,16.94564
732,2.4422464,22.798819
733,2.4422464,22.798819
734,2.4422464,22.798819
735,2.4422464,22.798819
736,3.3537796,28.368746
737,3.3537796,28.368746
738,3.3537796,28.368746
739,3.3537796,28.368746
740,4.2425714,33.57353
741,4.2425714,33.57353
742,4.2425714,33.57353
743,4.2425714,33.57353
744,5.0937634,38.336975
745,5.0937634,38.336975
746,5.0937634,38.336975
747,5.0937634,38.336975
748,5.893313,42.589466
749,5.893313,42.589466
750,5.893313,42.589466
751,5.893313,42.589466
752,6.6273804,46.269512
753,6.6273804,46.269512
754,6.6273804,46.269512
755,6.6273804,46.269512
756,7.283446,49.324806
757,7.283446,49.324806
758,7.283446,49.324806
759,7.283446,49.324806
760,7.8500237,51.71342
761,7.8500237,51.71342
762,7.8500237,51.71342
763,7.8500237,51.71342
764,8.317081,53.404095
765,8.317081,53.404095
766,8.317081,53.404095
767,8.317081,53.404095
768,8.676332,54.377586
769,8.676332,54.377586
770,8.676332,54.377586
771,8.676332,54.377586
772,8.921059,54.62623
773,8.921059,54.62623
774,8.921059,54.62623
775,8.921059,54.62623
776,9.04704,54.15477
777,9.04704,54.15477
778,9.04704,54.15477
779,9.04704,54.15477
780,9.051752,52.980145
781,9.051752,52.980145
782,9.051752,52.980145
783,9.051752,52.980145
784,8.935216,51.13095
785,8.935216,51.13095
786,8.935216,51.13095
787,8.935216,51.13095
788,8.699318,48.647392
789,8.699318,48.647392
790,8.699318,48.647392
791,8.699318,48.647392
792,8.348653,45.580177
793,8.348653,45.580177
794,8.348653,45.580177
795,8.348653,45.580177
796,7.8896527,41.98962
797,7.8896527,41.98962
798,7.8896527,41.98962
799,7.8896527,41.98962
800,7.330885,37.945057
801,7.330885,37.945057
802,7.330885,37.945057
803,7.330885,37.945057
804,6.6827936,33.52321
805,6.6827936,33.52321
806,6.6827936,33.52321
807,6.6827936,33.52321
808,5.957794,28.806543
809,5.957794,28.806543
810,5.957794,28.806543
811,5.957794,28.806543
812,5.1694846,23.882097
813,5.1694846,23.882097
814,5.1694846,23.882097
815,5.1694846,23.882097
816,4.3329115,18.84019
817,4.3329115,18.84019
818,4.3329115,18.84019
819,4.3329115,18.84019
820,3.4640503,13.772276
821,3.4640503,13.772276
822,3.4640503,13.772276
823,3.4640503,13.772276
824,2.5794692,8.769186
825,2.5794692,8.769186
826,2.5794692,8.769186
827,2.5794692,8.769186
828,1.6961719,3.9195213
829,1.6961719,3.9195213
830,1.6961719,3.9195213
831,1.6961719,3.9195213
832,0.8307368,-0.6910994
833,0.8307368,-0.6910994
834,0.8307368,-0.6910994
835,0.8307368,-0.6910994
836,0.0001541,-4.9827237
837,0.0001541,-4.9827237
838,0.0001541,-4.9827237
839,0.0001541,-4.9827237
840,-0.7801044,-8.882323
841,-0.7801044,-8.882323
842,-0.7801044,-8.882323
843,-0.7801044,-8.882323
844,-1.4950658,-12.32498
845,-1.4950658,-12.32498
846,-1.4950658,-12.32498
847,-1.4950658,-12.32498
848,-2.1316628,-15.25444
849,-2.1316628,-15.25444
850,-2.1316628,-15.25444
851,-2.1316628,-15.25444
852,-2.6771986,-17.625118
853,-2.6771986,-17.625118
854,-2.6771986,-17.625118
855,-2.6771986,-17.625118
856,-3.122553,-19.402536
857,-3.122553,-19.402536
858,-3.122553,-19.402536
859,-3.122553,-19.402536
860,-3.4593086,-20.5643
861,-3.4593086,-20.5643
862,-3.4593086,-20.5643
863,-3.4593086,-20.5643
864,-3.682446,-21.098896
865,-3.682446,-21.098896
866,-3.682446,-21.098896
867,-3.682446,-21.098896
868,-3.7876453,-21.00805
869,-3.7876453,-21.00805
870,-3.7876453,-21.00805
871,-3.7876453,-21.00805
872,-3.7750869,-20.305355
873,-3.7750869,-20.305355
874,-3.7750869,-20.305355
875,-3.7750869,-20.305355
876,-3.6458328,-19.016432
877,-3.6458328,-19.016432
878,-3.6458328,-19.016432
879,-3.6458328,-19.016432
880,-3.4047592,-17.177532
881,-3.4047592,-17.177532
882,-3.4047592,-17.177532
883,-3.4047592,-17.177532
884,-3.0570202,-14.836226
885,-3.0570202,-14.836226
886,-3.0570202,-14.836226
887,-3.0570202,-14.836226
888,-2.6127295,-12.049145
889,-2.6127295,-12.049145
890,-2.6127295,-12.049145
891,-2.6127295,-12.049145
892,-2.0818503,-8.88225
893,-2.0818503,-8.88225
894,-2.0818503,-8.88225
895,-2.0818503,-8.88225
896,-1.4779596,-5.407331
897,-1.4779596,-5.407331
898,-1.4779596,-5.407331
899,-1.4779596,-5.407331
900,-0.8140668,-1.7031261
901,-0.8140668,-1.7031261
902,-0.8140668,-1.7031261
903,-0.8140668,-1.7031261
904,-0.10697267,2.1478007
905,-0.10697267,2.1478007
906,-0.10697267,2.1478007
907,-0.10697267,2.1478007
908,0.62740344,6.060083
909,0.62740344,6.060083
910,0.62740344,6.060083
911,0.62740344,6.060083
912,1.3711778,9.947696
913,1.3711778,9.947696
914,1.3711778,9.947696
915,1.3711778,9.947696
916,2.1078877,13.724816
917,2.1078877,13.724816
918,2.1078877,13.724816
919,2.1078877,13.724816
920,2.818938,17.308384
921,2.818938,17.308384
922,2.818938,17.308384
923,2.818938,17.308384
924,3.4882658,20.618471
925,3.4882658,20.618471
926,3.4882658,20.618471
927,3.4882658,20.618471
928,4.0988145,23.581545
929,4.0988145,23.581545
930,4.0988145,23.581545
931,4.0988145,23.581545
932,4.636416,26.130257
933,4.636416,26.130257
934,4.636416,26.130257
935,4.636416,26.130257
936,5.0867257,28.20545
937,5.0867257,28.20545
938,5.0867257,28.20545
939,5.0867257,28.20545
940,5.438505,29.75721
941,5.438505,29.75721
942,5.438505,29.75721
943,5.438505,29.75721
944,5.6815066,30.745909
945,5.6815066,30.745909
946,5.6815066,30.745909
947,5.6815066,30.745909
948,5.8083997,31.142555
949,5.8083997,31.142555
950,5.8083997,31.142555
951,5.8083997,31.142555
952,5.8136516,30.92991
953,5.8136516,30.92991
954,5.8136516,30.92991
955,5.8136516,30.92991
956,5.6951094,30.102121
957,5.6951094,30.102121
958,5.6951094,30.102121
959,5.6951094,30.102121
960,5.4521027,28.66541
961,5.4521027,28.66541
962,5.4521027,28.66541
963,5.4521027,28.66541
964,5.0871563,26.63755
965,5.0871563,26.63755
966,5.0871563,26.63755
967,5.0871563,26.63755
968,4.605309,24.047735
969,4.605309,24.047735
970,4.605309,24.047735
971,4.605309,24.047735
972,4.013989,20.93615
973,4.013989,20.93615
974,4.013989,20.93615
975,4.013989,20.93615
976,3.3228347,17.35257
977,3.3228347,17.35257
978,3.3228347,17.35257
979,3.3228347,17.35257
980,2.543554,13.355955
981,2.543554,13.355955
982,2.543554,13.355955
983,2.543554,13.355955
984,1.6899042,9.013471
985,1.6899042,9.013471
986,1.6899042,9.013471
987,1.6899042,9.013471
988,0.7770381,4.398932
989,0.7770381,4.398932
990,0.7770381,4.398932
991,0.7770381,4.398932
992,-0.17847581,-0.4089545
993,-0.17847581,-0.4089545
994,-0.17847581,-0.4089545
995,-0.17847581,-0.4089545
996,-1.1591516,-5.327108
997,-1.1591516,-5.327108
998,-1.1591516,-5.327108
999,-1.1591516,-5.327108
1000,-2.1469808,-10.270521
1001,-2.1469808,-10.270521
1002,-2.1469808,-10.270521
1003,-2.1469808,-10.270521
1004,-3.123814,-15.153136
1005,-3.123814,-15.153136
1006,-3.123814,-15.153136
1007,-3.123814,-15.153136
1008,-4.0712256,-19.889889
1009,-4.0712256,-19.889889
1010,-4.0712256,-19.889889
1011,-4.0712256,-19.889889
1012,-4.9717956,-24.398048
1013,-4.9717956,-24.398048
1014,-4.9717956,-24.398048
1015,-4.9717956,-24.398048
1016,-5.808493,-28.598698
1017,-5.808493,-28.598698
1018,-5.808493,-28.598698
1019,-5.808493,-28.598698
1020,-6.565879,-32.418114
1021,-6.565879,-32.418114
1022,-6.565879,-32.418114
1023,-6.565879,-32.418114
1024,-7.229714,-35.78937
1025,-7.229714,-35.78937
1026,-7.229714,-35.78937
1027,-7.229714,-35.78937
1028,-7.787786,-38.65281
1029,-7.787786,-38.65281
1030,-7.787786,-38.65281
1031,-7.787786,-38.65281
1032,-8.229472,-40.958023
1033,-8.229472,-40.958023
1034,-8.229472,-40.958023
1035,-8.229472,-40.958023
1036,-8.5467205,-42.663876
1037,-8.5467205,-42.663876
1038,-8.5467205,-42.663876
1039,-8.5467205,-42.663876
1040,-8.733639,-43.73952
1041,-8.733639,-43.73952
1042,-8.733639,-43.73952
1043,-8.733639,-43.73952
1044,-8.786818,-44.164886
1045,-8.786818,-44.164886
1046,-8.786818,-44.164886
1047,-8.786818,-44.164886
1048,-8.705276,-43.930836
1049,-8.705276,-43.930836
1050,-8.705276,-43.930836
1051,-8.705276,-43.930836
1052,-8.4906225,-43.03923
1053,-8.4906225,-43.03923
1054,-8.4906225,-43.03923
1055,-8.4906225,-43.03923
1056,-8.1468115,-41.502914
1057,-8.1468115,-41.502914
1058,-8.1468115,-41.502914
1059,-8.1468115,-41.502914
1060,-7.6800475,-39.34546
1061,-7.6800475,-39.34546
1062,-7.6800475,-39.34546
1063,-7.6800475,-39.34546
1064,-7.0988727,-36.60022
1065,-7.0988727,-36.60022
1066,-7.0988727,-36.60022
1067,-7.0988727,-36.60022
1068,-6.4137545,-33.310192
1069,-6.4137545,-33.310192
1070,-6.4137545,-33.310192
1071,-6.4137545,-33.310192
1072,-5.636963,-29.526716
1073,-5.636963,-29.526716
1074,-5.636963,-29.526716
1075,-5.636963,-29.526716
1076,-4.7819467,-25.308655
1077,-4.7819467,-25.308655
1078,-4.7819467,-25.308655
1079,-4.7819467,-25.308655
1080,-3.8638792,-20.72137
1081,-3.8638792,-20.72137
1082,-3.8638792,-20.72137
1083,-3.8638792,-20.72137
1084,-2.898306,-15.835524
1085,-2.898306,-15.835524
1086,-2.898306,-15.835524
1087,-2.898306,-15.835524
1088,-1.9018078,-10.72542
1089,-1.9018078,-10.72542
1090,-1.9018078,-10.72542
1091,-1.9018078,-10.72542
1092,-0.8909887,-5.46817
1093,-0.8909887,-5.46817
1094,-0.8909887,-5.46817
1095,-0.8909887,-5.46817
1096,0.11766992,-0.14192551
1097,0.11766992,-0.14192551
1098,0.11766992,-0.14192551
1099,0.11766992,-0.14192551
1100,1.108104,5.1752768
1101,1.108104,5.1752768
1102,1.108104,5.1752768
1103,1.108104,5.1752768
1104,2.0647562,10.406821
1105,2.0647562,10.406821
1106,2.0647562,10.406821
1107,2.0647562,10.406821
1108,2.973264,15.478744
1109,2.973264,15.478744
1110,2.973264,15.478744
1111,2.973264,15.478744
1112,3.8203292,20.321423
1113,3.8203292,20.321423
1114,3.8203292,20.321423
1115,3.8203292,20.321423
1116,4.5942335,24.869896
1117,4.5942335,24.869896
1118,4.5942335,24.869896
1119,4.5942335,24.869896
1120,5.284875,29.065523
1121,5.284875,29.065523
1122,5.284875,29.065523
1123,5.284875,29.065523
1124,5.884125,32.856564
1125,5.884125,32.856564
1126,5.884125,32.856564
1127,5.884125,32.856564
1128,6.385445,36.198853
1129,6.385445,36.198853
1130,6.385445,36.198853
1131,6.385445,36.198853
1132,6.784659,39.0565
1133,6.784659,39.0565
1134,6.784659,39.0565
1135,6.784659,39.0565
1136,7.0793457,41.40226
1137,7.0793457,41.40226
1138,7.0793457,41.40226
1139,7.0793457,41.40226
1140,7.2689295,43.21776
1141,7.2689295,43.21776
1142,7.2689295,43.21776
1143,7.2689295,43.21776
1144,7.3551564,44.493557
1145,7.3551564,44.493557
1146,7.3551564,44.493557
1147,7.3551564,44.493557
1148,7.341311,45.229122
1149,7.341311,45.229122
1150,7.341311,45.229122
1151,7.341311,45.229122
1152,7.2324743,45.432335
1153,7.2324743,45.432335
1154,7.2324743,45.432335
1155,7.2324743,45.432335
1156,7.035309,45.119568
1157,7.035309,45.119568
1158,7.035309,45.119568
1159,7.035309,45.119568
1160,6.7576566,44.31474
1161,6.7576566,44.31474
1162,6.7576566,44.31474
1163,6.7576566,44.31474
1164,6.4084864,43.04869
1165,6.4084864,43.04869
1166,6.4084864,43.04869
1167,6.4084864,43.04869
1168,5.997724,41.35878
1169,5.997724,41.35878
1170,5.997724,41.35878
1171,5.997724,41.35878
1172,5.5358076,39.287792
1173,5.5358076,39.287792
1174,5.5358076,39.287792
1175,5.5358076,39.287792
1176,5.033835,36.8826
1177,5.033835,36.8826
1178,5.033835,36.8826
1179,5.033835,36.8826
1180,4.5027046,34.193966
1181,4.5027046,34.193966
1182,4.5027046,34.193966
1183,4.5027046,34.193966
1184,3.9534104,31.275042
1185,3.9534104,31.275042
1186,3.9534104,31.275042
1187,3.9534104,31.275042
1188,3.3965821,28.180403
1189,3.3965821,28.180403
1190,3.3965821,28.180403
1191,3.3965821,28.180403
1192,2.8424404,24.965134
1193,2.8424404,24.965134
1194,2.8424404,24.965134
1195,2.8424404,24.965134
1196,2.3001153,21.683767
1197,2.3001153,21.683767
1198,2.3001153,21.683767
1199,2.3001153,21.683767
1200,1.7781955,18.389345
1201,1.7781955,18.389345
1202,1.7781955,18.389345
1203,1.7781955,18.389345
1204,1.2843589,15.132805
1205,1.2843589,15.132805
1206,1.2843589,15.132805
1207,1.2843589,15.132805
1208,0.8249213,11.961468
1209,0.8249213,11.961468
1210,0.8249213,11.961468
1211,0.8249213,11.961468
1212,0.4050267,8.918957
1213,0.4050267,8.918957
1214,0.4050267,8.918957
1215,0.4050267,8.918957
1216,0.028715193,6.044801
1217,0.028715193,6.044801
1218,0.028715193,6.044801
1219,0.028715193,6.044801
1220,-0.30142826,3.3729734
1221,-0.30142826,3.3729734
1222,-0.30142826,3.3729734
1223,-0.30142826,3.3729734
1224,-0.58354783,0.9322732
1225,-0.58354783,0.9322732
1226,-0.58354783,0.9322732
1227,-0.58354783,0.9322732
1228,-0.81749386,-1.253894
1229,-0.81749386,-1.253894
1230,-0.81749386,-1.253894
1231,-0.81749386,-1.253894
1232,-1.0039309,-3.1685224
1233,-1.0039309,-3.1685224
1234,-1.0039309,-3.1685224
1235,-1.0039309,-3.1685224
1236,-1.144108,-4.799697
1237,-1.144108,-4.799697
1238,-1.144108,-4.799697
1239,-1.144108,-4.799697
1240,-1.2407272,-6.141937
1241,-1.2407272,-6.141937
1242,-1.2407272,-6.141937
1243,-1.2407272,-6.141937
1244,-1.2969078,-7.1952524
1245,-1.2969078,-7.1952524
1246,-1.2969078,-7.1952524
1247,-1.2969078,-7.1952524
1248,-1.3162732,-7.96427
1249,-1.3162732,-7.96427
1250,-1.3162732,-7.96427
1251,-1.3162732,-7.96427
1252,-1.3031117,-8.459323
1253,-1.3031117,-8.459323
1254,-1.3031117,-8.459323
1255,-1.3031117,-8.459323
1256,-1.2614733,-8.694975
1257,-1.2614733,-8.694975
1258,-1.2614733,-8.694975
1259,-1.2614733,-8.694975
1260,-1.1961173,-8.689292
1261,-1.1961173,-8.689292
1262,-1.1961173,-8.689292
1263,-1.1961173,-8.689292
1264,-1.1113018,-8.464552
1265,-1.1113018,-8.464552
1266,-1.1113018,-8.464552
1267,-1.1113018,-8.464552
1268,-1.0111828,-8.044857
1269,-1.0111828,-8.044857
1270,-1.0111828,-8.044857
1271,-1.0111828,-8.044857
1272,-0.89972574,-7.456938
1273,-0.89972574,-7.456938
1274,-0.89972574,-7.456938
1275,-0.89972574,-7.456938
1276,-0.780534,-6.7291265
1277,-0.780534,-6.7291265
1278,-0.780534,-6.7291265
1279,-0.780534,-6.7291265
1280,-0.6567275,-5.8898783
1281,-0.6567275,-5.8898783
1282,-0.6567275,-5.8898783
1283,-0.6567275,-5.8898783
1284,-0.5308451,-4.968323
1285,-0.5308451,-4.968323
1286,-0.5308451,-4.968323
1287,-0.5308451,-4.968323
1288,-0.40490657,-3.9933217
1289,-0.40490657,-3.9933217
1290,-0.40490657,-3.9933217
1291,-0.40490657,-3.9933217
1292,-0.2806617,-2.992039
1293,-0.2806617,-2.992039
1294,-0.2806617,-2.992039
1295,-0.2806617,-2.992039
1296,-0.15882432,-1.9908922
1297,-0.15882432,-1.9908922
1298,-0.15882432,-1.9908922
1299,-0.15882432,-1.9908922
1300,-0.040182292,-1.0137078
1301,-0.040182292,-1.0137078
1302,-0.040182292,-1.0137078
1303,-0.040182292,-1.0137078
1304,0.07544932,-0.0822355
1305,0.07544932,-0.0822355
1306,0.07544932,-0.0822355
1307,0.07544932,-0.0822355
1308,0.18807152,0.784234
1309,0.18807152,0.784234
1310,0.18807152,0.784234
1311,0.18807152,0.784234
1312,0.29811364,1.5697806
1313,0.29811364,1.5697806
1314,0.29811364,1.5697806
1315,0.29811364,1.5697806
1316,0.40647376,2.2614882
1317,0.40647376,2.2614882
1318,0.40647376,2.2614882
1319,0.40647376,2.2614882
1320,0.51368606,2.8489456
1321,0.51368606,2.8489456
1322,0.51368606,2.8489456
1323,0.51368606,2.8489456
1324,0.62013143,3.325817
1325,0.62013143,3.325817
1326,0.62013143,3.325817
1327,0.62013143,3.325817
1328,0.72652227,3.6885087
1329,0.72652227,3.6885087
1330,0.72652227,3.6885087
1331,0.72652227,3.6885087
1332,0.83272135,3.9363825
1333,0.83272135,3.9363825
1334,0.83272135,3.9363825
1335,0.83272135,3.9363825
1336,0.9388261,4.0717354
1337,0.9388261,4.0717354
1338,0.9388261,4.0717354
1339,0.9388261,4.0717354
1340,1.0438498,4.099235
1341,1.0438498,4.099235
1342,1.0438498,4.099235
1343,1.0438498,4.099235
1344,1.146625,4.0260816
1345,1.146625,4.0260816
1346,1.146625,4.0260816
1347,1.146625,4.0260816
1348,1.2457972,3.8615866
1349,1.2457972,3.8615866
1350,1.2457972,3.8615866
1351,1.2457972,3.8615866
1352,1.3390576,3.6159558
1353,1.3390576,3.6159558
1354,1.3390576,3.6159558
1355,1.3390576,3.6159558
1356,1.4234072,3.3014047
1357,1.4234072,3.3014047
1358,1.4234072,3.3014047
1359,1.4234072,3.3014047
1360,1.4958289,2.9310474
1361,1.4958289,2.9310474
1362,1.4958289,2.9310474
1363,1.4958289,2.9310474
1364,1.5527381,2.5179138
1365,1.5527381,2.5179138
1366,1.5527381,2.5179138
1367,1.5527381,2.5179138
1368,1.5902693,2.0756302
1369,1.5902693,2.0756302
1370,1.5902693,2.0756302
1371,1.5902693,2.0756302
1372,1.6041373,1.6174533
1373,1.6041373,1.6174533
1374,1.6041373,1.6174533
1375,1.6041373,1.6174533
1376,1.5902047,1.1563109
1377,1.5902047,1.1563109
1378,1.5902047,1.1563109
1379,1.5902047,1.1563109
1380,1.5445975,0.70428693
1381,1.5445975,0.70428693
1382,1.5445975,0.70428693
1383,1.5445975,0.70428693
1384,1.4634968,0.27201846
1385,1.4634968,0.27201846
1386,1.4634968,0.27201846
1387,1.4634968,0.27201846
1388,1.3433192,-0.13074383
1389,1.3433192,-0.13074383
1390,1.3433192,-0.13074383
1391,1.3433192,-0.13074383
1392,1.181527,-0.49556345
1393,1.181527,-0.49556345
1394,1.181527,-0.49556345
1395,1.181527,-0.49556345
1396,0.9764477,-0.81601465
1397,0.9764477,-0.81601465
1398,0.9764477,-0.81601465
1399,0.9764477,-0.81601465
1400,0.7268742,-1.0870024
1401,0.7268742,-1.0870024
1402,0.7268742,-1.0870024
1403,0.7268742,-1.0870024
1404,0.43318942,-1.3051939
1405,0.43318942,-1.3051939
1406,0.43318942,-1.3051939
1407,0.43318942,-1.3051939
1408,0.09687245,-1.4687896
1409,0.09687245,-1.4687896
1410,0.09687245,-1.4687896
1411,0.09687245,-1.4687896
1412,-0.27903172,-1.5776889
1413,-0.27903172,-1.5776889
1414,-0.27903172,-1.5776889
1415,-0.27903172,-1.5776889
1416,-0.6903406,-1.6332679
1417,-0.6903406,-1.6332679
1418,-0.6903406,-1.6332679
1419,-0.6903406,-1.6332679
1420,-1.131186,-1.638308
1421,-1.131186,-1.638308
1422,-1.131186,-1.638308
1423,-1.131186,-1.638308
1424,-1.5938754,-1.5966169
1425,-1.5938754,-1.5966169
1426,-1.5938754,-1.5966169
1427,-1.5938754,-1.5966169
1428,-2.0694888,-1.5131823
1429,-2.0694888,-1.5131823
1430,-2.0694888,-1.5131823
1431,-2.0694888,-1.5131823
1432,-2.5478768,-1.3937162
1433,-2.5478768,-1.3937162
1434,-2.5478768,-1.3937162
1435,-2.5478768,-1.3937162
1436,-3.017227,-1.2444953
1437,-3.017227,-1.2444953
1438,-3.017227,-1.2444953
1439,-3.017227,-1.2444953
1440,-3.464564,-1.072297
1441,-3.464564,-1.072297
1442,-3.464564,-1.072297
1443,-3.464564,-1.072297
1444,-3.8762481,-0.88382447
1445,-3.8762481,-0.88382447
1446,-3.8762481,-0.88382447
1447,-3.8762481,-0.88382447
1448,-4.2379518,-0.6861038
1449,-4.2379518,-0.6861038
1450,-4.2379518,-0.6861038
1451,-4.2379518,-0.6861038
1452,-4.5345964,-0.48557958
1453,-4.5345964,-0.48557958
1454,-4.5345964,-0.48557958
1455,-4.5345964,-0.48557958
1456,-4.751084,-0.28850052
1457,-4.751084,-0.28850052
1458,-4.751084,-0.28850052
1459,-4.751084,-0.28850052
1460,-4.872778,-0.10034369
1461,-4.872778,-0.10034369
1462,-4.872778,-0.10034369
1463,-4.872778,-0.10034369
1464,-4.8857665,0.0740768
1465,-4.8857665,0.0740768
1466,-4.8857665,0.0740768
1467,-4.8857665,0.0740768
1468,-4.776548,0.230523
1469,-4.776548,0.230523
1470,-4.776548,0.230523
1471,-4.776548,0.230523
1472,-4.533388,0.36592236
1473,-4.533388,0.36592236
1474,-4.533388,0.36592236
1475,-4.533388,0.36592236
1476,-4.1462793,0.4781036
1477,-4.1462793,0.4781036
1478,-4.1462793,0.4781036
1479,-4.1462793,0.4781036
1480,-3.6071784,0.56574607
1481,-3.6071784,0.56574607
1482,-3.6071784,0.56574607
1483,-3.6071784,0.56574607
1484,-2.9103167,0.6284242
1485,-2.9103167,0.6284242
1486,-2.9103167,0.6284242
1487,-2.9103167,0.6284242
1488,-2.0527174,0.6669018
1489,-2.0527174,0.6669018
1490,-2.0527174,0.6669018
1491,-2.0527174,0.6669018
1492,-1.0347393,0.6824947
1493,-1.0347393,0.6824947
1494,-1.0347393,0.6824947
1495,-1.0347393,0.6824947
1496,0.14066601,0.6771908
1497,0.14066601,0.6771908
1498,0.14066601,0.6771908
1499,0.14066601,0.6771908
1500,1.4668722,0.6537039
1501,1.4668722,0.6537039
1502,1.4668722,0.6537039
1503,1.4668722,0.6537039
1504,2.9340055,0.6154025
1505,2.9340055,0.6154025
1506,2.9340055,0.6154025
1507,2.9340055,0.6154025
1508,4.5284753,0.56586254
1509,4.5284753,0.56586254
1510,4.5284753,0.56586254
1511,4.5284753,0.56586254
1512,6.233533,0.5084587
1513,6.233533,0.5084587
1514,6.233533,0.5084587
1515,6.233533,0.5084587
1516,8.029142,0.4474762
1517,8.029142,0.4474762
1518,8.029142,0.4474762
1519,8.029142,0.4474762
1520,9.892179,0.3864739
1521,9.892179,0.3864739
1522,9.892179,0.3864739
1523,9.892179,0.3864739
1524,11.796308,0.32888114
1525,11.796308,0.32888114
1526,11.796308,0.32888114
1527,11.796308,0.32888114
1528,13.713088,0.27784356
1529,13.713088,0.27784356
1530,13.713088,0.27784356
1531,13.713088,0.27784356
1532,15.612238,0.2361164
1533,15.612238,0.2361164
1534,15.612238,0.2361164
1535,15.612238,0.2361164
1536,17.46097,0.20562962
1537,17.46097,0.20562962
1538,17.46097,0.20562962
1539,17.46097,0.20562962
1540,19.226206,0.18797444
1541,19.226206,0.18797444
1542,19.226206,0.18797444
1543,19.226206,0.18797444
1544,20.874157,0.1837649
1545,20.874157,0.1837649
1546,20.874157,0.1837649
1547,20.874157,0.1837649
1548,22.370934,0.19314522
1549,22.370934,0.19314522
1550,22.370934,0.19314522
1551,22.370934,0.19314522
1552,23.683016,0.21551585
1553,23.683016,0.21551585
1554,23.683016,0.21551585
1555,23.683016,0.21551585
1556,24.778896,0.24902064
1557,24.778896,0.24902064
1558,24.778896,0.24902064
1559,24.778896,0.24902064
1560,25.628632,0.29184484
1561,25.628632,0.29184484
1562,25.628632,0.29184484
1563,25.628632,0.29184484
1564,26.204945,0.34125057
1565,26.204945,0.34125057
1566,26.204945,0.34125057
1567,26.204945,0.34125057
1568,26.483257,0.3940646
1569,26.483257,0.3940646
1570,26.483257,0.3940646
1571,26.483257,0.3940646
1572,26.443502,0.44613466
1573,26.443502,0.44613466
1574,26.443502,0.44613466
1575,26.443502,0.44613466
1576,26.06963,0.4938114
1577,26.06963,0.4938114
1578,26.06963,0.4938114
1579,26.06963,0.4938114
1580,25.34985,0.5328818
1581,25.34985,0.5328818
1582,25.34985,0.5328818
1583,25.34985,0.5328818
1584,24.27771,0.55921483
1585,24.27771,0.55921483
1586,24.27771,0.55921483
1587,24.27771,0.55921483
1588,22.85214,0.568034
1589,22.85214,0.568034
1590,22.85214,0.568034
1591,22.85214,0.568034
1592,21.077847,0.5559642
1593,21.077847,0.5559642
1594,21.077847,0.5559642
1595,21.077847,0.5559642
1596,18.964655,0.519185
1597,18.964655,0.519185
1598,18.964655,0.519185
1599,18.964655,0.519185
1600,16.52839,0.45459792
1601,16.52839,0.45459792
1602,16.52839,0.45459792
1603,16.52839,0.45459792
1604,13.790115,0.359455
1605,13.790115,0.359455
1606,13.790115,0.359455
1607,13.790115,0.359455
1608,10.776948,0.23210806
1609,10.776948,0.23210806
1610,10.776948,0.23210806
1611,10.776948,0.23210806
1612,7.5199223,0.07142744
1613,7.5199223,0.07142744
1614,7.5199223,0.07142744
1615,7.5199223,0.07142744
1616,4.055821,-0.12295359
1617,4.055821,-0.12295359
1618,4.055821,-0.12295359
1619,4.055821,-0.12295359
1620,0.4243861,-0.3504465
1621,0.4243861,-0.3504465
1622,0.4243861,-0.3504465
1623,0.4243861,-0.3504465
1624,-3.3299687,-0.6094059
1625,-3.3299687,-0.6094059
1626,-3.3299687,-0.6094059
1627,-3.3299687,-0.6094059
1628,-7.161094,-0.89758927
1629,-7.161094,-0.89758927
1630,-7.161094,-0.89758927
1631,-7.161094,-0.89758927
1632,-11.019768,-1.2120644
1633,-11.019768,-1.2120644
1634,-11.019768,-1.2120644
1635,-11.019768,-1.2120644
1636,-14.856511,-1.5481238
1637,-14.856511,-1.5481238
1638,-14.856511,-1.5481238
1639,-14.856511,-1.5481238
1640,-18.620148,-1.901587
1641,-18.620148,-1.901587
1642,-18.620148,-1.901587
1643,-18.620148,-1.901587
1644,-22.261158,-2.2669394
1645,-22.261158,-2.2669394
1646,-22.261158,-2.2669394
1647,-22.261158,-2.2669394
1648,-25.729893,-2.638584
1649,-25.729893,-2.638584
1650,-25.729893,-2.638584
1651,-25.729893,-2.638584
1652,-28.980106,-3.0094657
1653,-28.980106,-3.0094657
1654,-28.980106,-3.0094657
1655,-28.980106,-3.0094657
1656,-31.967178,-3.3739305
1657,-31.967178,-3.3739305
1658,-31.967178,-3.3739305
1659,-31.967178,-3.3739305
1660,-34.65119,-3.7248883
1661,-34.65119,-3.7248883
1662,-34.65119,-3.7248883
1663,-34.65119,-3.7248883
1664,-36.995914,-4.056259
1665,-36.995914,-4.056259
1666,-36.995914,-4.056259
1667,-36.995914,-4.056259
1668,-38.970436,-4.360529
1669,-38.970436,-4.360529
1670,-38.970436,-4.360529
1671,-38.970436,-4.360529
1672,-40.548977,-4.632847
1673,-40.548977,-4.632847
1674,-40.548977,-4.632847
1675,-40.548977,-4.632847
1676,-41.712856,-4.867088
1677,-41.712856,-4.867088
1678,-41.712856,-4.867088
1679,-41.712856,-4.867088
1680,-42.448616,-5.0588284
1681,-42.448616,-5.0588284
1682,-42.448616,-5.0588284
1683,-42.448616,-5.0588284
1684,-42.74981,-5.2026095
1685,-42.74981,-5.2026095
1686,-42.74981,-5.2026095
1687,-42.74981,-5.2026095
1688,-42.61698,-5.2965164
1689,-42.61698,-5.2965164
1690,-42.61698,-5.2965164
1691,-42.61698,-5.2965164
1692,-42.05754,-5.337435
1693,-42.05754,-5.337435
1694,-42.05754,-5.337435
1695,-42.05754,-5.337435
1696,-41.0851,-5.3242335
1697,-41.0851,-5.3242335
1698,-41.0851,-5.3242335
1699,-41.0851,-5.3242335
1700,-39.7197,-5.2552886
1701,-39.7197,-5.2552886
1702,-39.7197,-5.2552886
1703,-39.7197,-5.2552886
1704,-37.98754,-5.1329865
1705,-37.98754,-5.1329865
1706,-37.98754,-5.1329865
1707,-37.98754,-5.1329865
1708,-35.92077,-4.9579387
1709,-35.92077,-4.9579387
1710,-35.92077,-4.9579387
1711,-35.92077,-4.9579387
1712,-33.55603,-4.7328753
1713,-33.55603,-4.7328753
1714,-33.55603,-4.7328753
1715,-33.55603,-4.7328753
1716,-30.933945,-4.460941
1717,-30.933945,-4.460941
1718,-30.933945,-4.460941
1719,-30.933945,-4.460941
1720,-28.099136,-4.1479363
1721,-28.099136,-4.1479363
1722,-28.099136,-4.1479363
1723,-28.099136,-4.1479363
1724,-25.099308,-3.7979639
1725,-25.099308,-3.7979639
1726,-25.099308,-3.7979639
1727,-25.099308,-3.7979639
1728,-21.98363,-3.4172087
1729,-21.98363,-3.4172087
1730,-21.98363,-3.4172087
1731,-21.98363,-3.4172087
1732,-18.801802,-3.0118554
1733,-18.801802,-3.0118554
1734,-18.801802,-3.0118554
1735,-18.801802,-3.0118554
1736,-15.603789,-2.5897253
1737,-15.603789,-2.5897253
1738,-15.603789,-2.5897253
1739,-15.603789,-2.5897253
1740,-12.439712,-2.1571736
1741,-12.439712,-2.1571736
1742,-12.439712,-2.1571736
1743,-12.439712,-2.1571736
1744,-9.356957,-1.7212373
1745,-9.356957,-1.7212373
1746,-9.356957,-1.7212373
1747,-9.356957,-1.7212373
1748,-6.4001384,-1.2894286
1749,-6.4001384,-1.2894286
1750,-6.4001384,-1.2894286
1751,-6.4001384,-1.2894286
1752,-3.6107948,-0.86928463
1753,-3.6107948,-0.86928463
1754,-3.6107948,-0.86928463
1755,-3.6107948,-0.86928463
1756,-1.0271103,-0.4668299
1757,-1.0271103,-0.4668299
1758,-1.0271103,-0.4668299
1759,-1.0271103,-0.4668299
1760,1.3182921,-0.08798373
1761,1.3182921,-0.08798373
1762,1.3182921,-0.08798373
1763,1.3182921,-0.08798373
1764,3.398046,0.26097283
1765,3.398046,0.26097283
1766,3.398046,0.26097283
1767,3.398046,0.26097283
1768,5.1905413,0.57531536
1769,5.1905413,0.57531536
1770,5.1905413,0.57531536
1771,5.1905413,0.57531536
1772,6.679294,0.8509854
1773,6.679294,0.8509854
1774,6.679294,0.8509854
1775,6.679294,0.8509854
1776,7.854769,1.0851315
1777,7.854769,1.0851315
1778,7.854769,1.0851315
1779,7.854769,1.0851315
1780,8.7139015,1.2747643
1781,8.7139015,1.2747643
1782,8.7139015,1.2747643
1783,8.7139015,1.2747643
1784,9.25932,1.4189789
1785,9.25932,1.4189789
1786,9.25932,1.4189789
1787,9.25932,1.4189789
1788,9.499598,1.517113
1789,9.499598,1.517113
1790,9.499598,1.517113
1791,9.499598,1.517113
1792,9.44946,1.5700082
1793,9.44946,1.5700082
1794,9.44946,1.5700082
1795,9.44946,1.5700082
1796,9.128888,1.5786391
1797,9.128888,1.5786391
1798,9.128888,1.5786391
1799,9.128888,1.5786391
1800,8.561914,1.545678
1801,8.561914,1.545678
1802,8.561914,1.545678
1803,8.561914,1.545678
1804,7.7777176,1.4740638
1805,7.7777176,1.4740638
1806,7.7777176,1.4740638
1807,7.7777176,1.4740638
1808,6.8084426,1.3676214
1809,6.8084426,1.3676214
1810,6.8084426,1.3676214
1811,6.8084426,1.3676214
1812,5.689003,1.2305413
1813,5.689003,1.2305413
1814,5.689003,1.2305413
1815,5.689003,1.2305413
1816,4.4561,1.0677735
1817,4.4561,1.0677735
1818,4.4561,1.0677735
1819,4.4561,1.0677735
1820,3.1479652,0.88482225
1821,3.1479652,0.88482225
1822,3.1479652,0.88482225
1823,3.1479652,0.88482225
1824,1.8027062,0.6866271
1825,1.8027062,0.6866271
1826,1.8027062,0.6866271
1827,1.8027062,0.6866271
1828,0.45826712,0.47885904
1829,0.45826712,0.47885904
1830,0.45826712,0.47885904
1831,0.45826712,0.47885904
1832,-0.84930444,0.26724488
1833,-0.84930444,0.26724488
1834,-0.84930444,0.26724488
1835,-0.84930444,0.26724488
1836,-2.0861945,0.05714875
1837,-2.0861945,0.05714875
1838,-2.0861945,0.05714875
1839,-2.0861945,0.05714875
1840,-3.220326,-0.14698026
1841,-3.220326,-0.14698026
1842,-3.220326,-0.14698026
1843,-3.220326,-0.14698026
1844,-4.2241435,-0.33956403
1845,-4.2241435,-0.33956403
1846,-4.2241435,-0.33956403
1847,-4.2241435,-0.33956403
1848,-5.0742407,-0.5165375
1849,-5.0742407,-0.5165375
1850,-5.0742407,-0.5165375
1851,-5.0742407,-0.5165375
1852,-5.7511806,-0.6746571
1853,-5.7511806,-0.6746571
1854,-5.7511806,-0.6746571
1855,-5.7511806,-0.6746571
1856,-6.2401676,-0.8105015
1857,-6.2401676,-0.8105015
1858,-6.2401676,-0.8105015
1859,-6.2401676,-0.8105015
1860,-6.532155,-0.92161053
1861,-6.532155,-0.92161053
1862,-6.532155,-0.92161053
1863,-6.532155,-0.92161053
1864,-6.623144,-1.0062
1865,-6.623144,-1.0062
1866,-6.623144,-1.0062
1867,-6.623144,-1.0062
1868,-6.5144033,-1.0633966
1869,-6.5144033,-1.0633966
1870,-6.5144033,-1.0633966
1871,-6.5144033,-1.0633966
1872,-6.2117105,-1.0931593
1873,-6.2117105,-1.0931593
1874,-6.2117105,-1.0931593
1875,-6.2117105,-1.0931593
1876,-5.7261457,-1.0952655
1877,-5.7261457,-1.0952655
1878,-5.7261457,-1.0952655
1879,-5.7261457,-1.0952655
1880,-5.074188,-1.0709149
1881,-5.074188,-1.0709149
1882,-5.074188,-1.0709149
1883,-5.074188,-1.0709149
1884,-4.2750206,-1.0222131
1885,-4.2750206,-1.0222131
1886,-4.2750206,-1.0222131
1887,-4.2750206,-1.0222131
1888,-3.3518732,-0.9507942
1889,-3.3518732,-0.9507942
1890,-3.3518732,-0.9507942
1891,-3.3518732,-0.9507942
1892,-2.3316295,-0.85912144
1893,-2.3316295,-0.85912144
1894,-2.3316295,-0.85912144
1895,-2.3316295,-0.85912144
1896,-1.2426996,-0.7507989
1897,-1.2426996,-0.7507989
1898,-1.2426996,-0.7507989
1899,-1.2426996,-0.7507989
1900,-0.11562,-0.6287467
1901,-0.11562,-0.6287467
1902,-0.11562,-0.6287467
1903,-0.11562,-0.6287467
1904,1.0183762,-0.49627253
1905,1.0183762,-0.49627253
1906,1.0183762,-0.49627253
1907,1.0183762,-0.49627253
1908,2.1281087,-0.357009
1909,2.1281087,-0.357009
1910,2.1281087,-0.357009
1911,2.1281087,-0.357009
1912,3.182575,-0.21444915
1913,3.182575,-0.21444915
1914,3.182575,-0.21444915
1915,3.182575,-0.21444915
1916,4.1524305,-0.072374724
1917,4.1524305,-0.072374724
1918,4.1524305,-0.072374724
1919,4.1524305,-0.072374724
1920,5.0104346,0.06677934
1921,5.0104346,0.06677934
1922,5.0104346,0.06677934
1923,5.0104346,0.06677934
1924,5.731543,0.1996036
1925,5.731543,0.1996036
1926,5.731543,0.1996036
1927,5.731543,0.1996036
1928,6.2943716,0.3230002
1929,6.2943716,0.3230002
1930,6.2943716,0.3230002
1931,6.2943716,0.3230002
1932,6.681598,0.43554688
1933,6.681598,0.43554688
1934,6.681598,0.43554688
1935,6.681598,0.43554688
1936,6.878962,0.53538257
1937,6.878962,0.53538257
1938,6.878962,0.53538257
1939,6.878962,0.53538257
1940,6.877562,0.620498
1941,6.877562,0.620498
1942,6.877562,0.620498
1943,6.877562,0.620498
1944,6.673143,0.69031215
1945,6.673143,0.69031215
1946,6.673143,0.69031215
1947,6.673143,0.69031215
1948,6.265519,0.74465364
1949,6.265519,0.74465364
1950,6.265519,0.74465364
1951,6.265519,0.74465364
1952,5.6597233,0.7836143
1953,5.6597233,0.7836143
1954,5.6597233,0.7836143
1955,5.6597233,0.7836143
1956,4.8649936,0.80746096
1957,4.8649936,0.80746096
1958,4.8649936,0.80746096
1959,4.8649936,0.80746096
1960,3.8952549,0.81690526
1961,3.8952549,0.81690526
1962,3.8952549,0.81690526
1963,3.8952549,0.81690526
1964,2.768516,0.8138502
1965,2.768516,0.8138502
1966,2.768516,0.8138502
1967,2.768516,0.8138502
1968,1.5051934,0.79991895
1969,1.5051934,0.79991895
1970,1.5051934,0.79991895
1971,1.5051934,0.79991895
1972,0.12969288,0.7761877
1973,0.12969288,0.7761877
1974,0.12969288,0.7761877
1975,0.12969288,0.7761877
1976,-1.3308617,0.7451931
1977,-1.3308617,0.7451931
1978,-1.3308617,0.7451931
1979,-1.3308617,0.7451931
1980,-2.8488126,0.70944095
1981,-2.8488126,0.70944095
1982,-2.8488126,0.70944095
1983,-2.8488126,0.70944095
1984,-4.3946233,0.6705572
1985,-4.3946233,0.6705572
1986,-4.3946233,0.6705572
1987,-4.3946233,0.6705572
1988,-5.9383664,0.6308404
1989,-5.9383664,0.6308404
1990,-5.9383664,0.6308404
1991,-5.9383664,0.6308404
1992,-7.451083,0.5921889
1993,-7.451083,0.5921889
1994,-7.451083,0.5921889
1995,-7.451083,0.5921889
1996,-8.904111,0.5567894
1997,-8.904111,0.5567894
1998,-8.904111,0.5567894
1999,-8.904111,0.5567894
2000,-10.271306,0.52643406
2001,-10.271306,0.52643406
2002,-10.271306,0.52643406
2003,-10.271306,0.52643406
2004,-11.528871,0.5019842
2005,-11.528871,0.5019842
2006,-11.528871,0.5019842
2007,-11.528871,0.5019842
2008,-12.655079,0.48483232
2009,-12.655079,0.48483232
2010,-12.655079,0.48483232
2011,-12.655079,0.48483232
2012,-13.6329155,0.47626263
2013,-13.6329155,0.47626263
2014,-13.6329155,0.47626263
2015,-13.6329155,0.47626263
2016,-14.449078,0.47599804
2017,-14.449078,0.47599804
2018,-14.449078,0.47599804
2019,-14.449078,0.47599804
2020,-15.09379,0.4843885
2021,-15.09379,0.4843885
2022,-15.09379,0.4843885
2023,-15.09379,0.4843885
2024,-15.562628,0.5014536
2025,-15.562628,0.5014536
2026,-15.562628,0.5014536
2027,-15.562628,0.5014536
2028,-15.855701,0.5263271
2029,-15.855701,0.5263271
2030,-15.855701,0.5263271
2031,-15.855701,0.5263271
2032,-15.977074,0.5585595
2033,-15.977074,0.5585595
2034,-15.977074,0.5585595
2035,-15.977074,0.5585595
2036,-15.936291,0.59650755
2037,-15.936291,0.59650755
2038,-15.936291,0.59650755
2039,-15.936291,0.59650755
2040,-15.746824,0.6391514
2041,-15.746824,0.6391514
2042,-15.746824,0.6391514
2043,-15.746824,0.6391514
2044,-15.42577,0.68531793
2045,-15.42577,0.68531793
2046,-15.42577,0.68531793
2047,-15.42577,0.68531793
2048,-14.994972,0.73288476
2049,-14.994972,0.73288476
2050,-14.994972,0.73288476
2051,-14.994972,0.73288476
2052,-14.478054,0.78053486
2053,-14.478054,0.78053486
2054,-14.478054,0.78053486
2055,-14.478054,0.78053486
2056,-13.90194,0.82665884
2057,-13.90194,0.82665884
2058,-13.90194,0.82665884
2059,-13.90194,0.82665884
2060,-13.295375,0.8696668
2061,-13.295375,0.8696668
2062,-13.295375,0.8696668
2063,-13.295375,0.8696668
2064,-12.687931,0.9081416
2065,-12.687931,0.9081416
2066,-12.687931,0.9081416
2067,-12.687931,0.9081416
2068,-12.1097555,0.9406927
2069,-12.1097555,0.9406927
2070,-12.1097555,0.9406927
2071,-12.1097555,0.9406927
2072,-11.590904,0.96656406
2073,-11.590904,0.96656406
2074,-11.590904,0.96656406
2075,-11.590904,0.96656406
2076,-11.16004,0.9848465
2077,-11.16004,0.9848465
2078,-11.16004,0.9848465
2079,-11.16004,0.9848465
2080,-10.844039,0.99494225
2081,-10.844039,0.99494225
2082,-10.844039,0.99494225
2083,-10.844039,0.99494225
2084,-10.667315,0.99683225
2085,-10.667315,0.99683225
2086,-10.667315,0.99683225
2087,-10.667315,0.99683225
2088,-10.651149,0.99058324
2089,-10.651149,0.99058324
2090,-10.651149,0.99058324
2091,-10.651149,0.99058324
2092,-10.813023,0.976642
2093,-10.813023,0.976642
2094,-10.813023,0.976642
2095,-10.813023,0.976642
2096,-11.165934,0.95570785
2097,-11.165934,0.95570785
2098,-11.165934,0.95570785
2099,-11.165934,0.95570785
2100,-11.718474,0.92872643
2101,-11.718474,0.92872643
2102,-11.718474,0.92872643
2103,-11.718474,0.92872643
2104,-12.474393,0.8970578
2105,-12.474393,0.8970578
2106,-12.474393,0.8970578
2107,-12.474393,0.8970578
2108,-13.431774,0.8622536
2109,-13.431774,0.8622536
2110,-13.431774,0.8622536
2111,-13.431774,0.8622536
2112,-14.583768,0.8256398
2113,-14.583768,0.8256398
2114,-14.583768,0.8256398
2115,-14.583768,0.8256398
2116,-15.918313,0.7891085
2117,-15.918313,0.7891085
2118,-15.918313,0.7891085
2119,-15.918313,0.7891085
2120,-17.418255,0.75432587
2121,-17.418255,0.75432587
2122,-17.418255,0.75432587
2123,-17.418255,0.75432587
2124,-19.06161,0.72311074
2125,-19.06161,0.72311074
2126,-19.06161,0.72311074
2127,-19.06161,0.72311074
2128,-20.822018,0.6969667
2129,-20.822018,0.6969667
2130,-20.822018,0.6969667
2131,-20.822018,0.6969667
2132,-22.66951,0.6774457
2133,-22.66951,0.6774457
2134,-22.66951,0.6774457
2135,-22.66951,0.6774457
2136,-24.570736,0.66583216
2137,-24.570736,0.66583216
2138,-24.570736,0.66583216
2139,-24.570736,0.66583216
2140,-26.489464,0.6634099
2141,-26.489464,0.6634099
2142,-26.489464,0.6634099
2143,-26.489464,0.6634099
2144,-28.38793,0.67059934
2145,-28.38793,0.67059934
2146,-28.38793,0.67059934
2147,-28.38793,0.67059934
2148,-30.227337,0.6879051
2149,-30.227337,0.6879051
2150,-30.227337,0.6879051
2151,-30.227337,0.6879051
2152,-31.9685,0.7154699
2153,-31.9685,0.7154699
2154,-31.9685,0.7154699
2155,-31.9685,0.7154699
2156,-33.57283,0.7530073
2157,-33.57283,0.7530073
2158,-33.57283,0.7530073
2159,-33.57283,0.7530073
2160,-35.003483,0.7997152
2161,-35.003483,0.7997152
2162,-35.003483,0.7997152
2163,-35.003483,0.7997152
2164,-36.225754,0.8545021
2165,-36.225754,0.8545021
2166,-36.225754,0.8545021
2167,-36.225754,0.8545021
2168,-37.207943,0.91612047
2169,-37.207943,0.91612047
2170,-37.207943,0.91612047
2171,-37.207943,0.91612047
2172,-37.92231,0.9827247
2173,-37.92231,0.9827247
2174,-37.92231,0.9827247
2175,-37.92231,0.9827247
2176,-38.345497,1.052282
2177,-38.345497,1.052282
2178,-38.345497,1.052282
2179,-38.345497,1.052282
2180,-38.459156,1.1223583
2181,-38.459156,1.1223583
2182,-38.459156,1.1223583
2183,-38.459156,1.1223583
2184,-38.250618,1.1907792
2185,-38.250618,1.1907792
2186,-38.250618,1.1907792
2187,-38.250618,1.1907792
2188,-37.712765,1.2547609
2189,-37.712765,1.2547609
2190,-37.712765,1.2547609
2191,-37.712765,1.2547609
2192,-36.844826,1.3119162
2193,-36.844826,1.3119162
2194,-36.844826,1.3119162
2195,-36.844826,1.3119162
2196,-35.65209,1.359486
2197,-35.65209,1.359486
2198,-35.65209,1.359486
2199,-35.65209,1.359486
2200,-34.14577,1.3954121
2201,-34.14577,1.3954121
2202,-34.14577,1.3954121
2203,-34.14577,1.3954121
2204,-32.343365,1.4170647
2205,-32.343365,1.4170647
2206,-32.343365,1.4170647
2207,-32.343365,1.4170647
2208,-30.268024,1.4227972
2209,-30.268024,1.4227972
2210,-30.268024,1.4227972
2211,-30.268024,1.4227972
2212,-27.947996,1.4107466
2213,-27.947996,1.4107466
2214,-27.947996,1.4107466
2215,-27.947996,1.4107466
2216,-25.416271,1.3798469
2217,-25.416271,1.3798469
2218,-25.416271,1.3798469
2219,-25.416271,1.3798469
2220,-22.710283,1.3291464
2221,-22.710283,1.3291464
2222,-22.710283,1.3291464
2223,-22.710283,1.3291464
2224,-19.870497,1.2586036
2225,-19.870497,1.2586036
2226,-19.870497,1.2586036
2227,-19.870497,1.2586036
2228,-16.94004,1.1682621
2229,-16.94004,1.1682621
2230,-16.94004,1.1682621
2231,-16.94004,1.1682621
2232,-13.963908,1.0589658
2233,-13.963908,1.0589658
2234,-13.963908,1.0589658
2235,-13.963908,1.0589658
2236,-10.98787,0.9319951
2237,-10.98787,0.9319951
2238,-10.98787,0.9319951
2239,-10.98787,0.9319951
2240,-8.057483,0.78907657
2241,-8.057483,0.78907657
2242,-8.057483,0.78907657
2243,-8.057483,0.78907657
2244,-5.217414,0.63260126
2245,-5.217414,0.63260126
2246,-5.217414,0.63260126
2247,-5.217414,0.63260126
2248,-2.5104268,0.46507427
2249,-2.5104268,0.46507427
2250,-2.5104268,0.46507427
2251,-2.5104268,0.46507427
2252,0.023495443,0.28999394
2253,0.023495443,0.28999394
2254,0.023495443,0.28999394
2255,0.023495443,0.28999394
2256,2.34786,0.110261254
2257,2.34786,0.110261254
2258,2.34786,0.110261254
2259,2.34786,0.110261254
2260,4.4308224,-0.06999068
2261,4.4308224,-0.06999068
2262,4.4308224,-0.06999068
2263,4.4308224,-0.06999068
2264,6.245177,-0.24758896
2265,6.245177,-0.24758896
2266,6.245177,-0.24758896
2267,6.245177,-0.24758896
2268,7.769367,-0.41808674
2269,7.769367,-0.41808674
2270,7.769367,-0.41808674
2271,7.769367,-0.41808674
2272,8.98757,-0.5784045
2273,8.98757,-0.5784045
2274,8.98757,-0.5784045
2275,8.98757,-0.5784045
2276,9.890534,-0.7241651
2277,9.890534,-0.7241651
2278,9.890534,-0.7241651
2279,9.890534,-0.7241651
2280,10.475057,-0.8530736
2281,10.475057,-0.8530736
2282,10.475057,-0.8530736
2283,10.475057,-0.8530736
2284,10.744376,-0.96102315
2285,10.744376,-0.96102315
2286,10.744376,-0.96102315
2287,10.744376,-0.96102315
2288,10.708183,-1.046674
2289,10.708183,-1.046674
2290,10.708183,-1.046674
2291,10.708183,-1.046674
2292,10.382313,-1.1068435
2293,10.382313,-1.1068435
2294,10.382313,-1.1068435
2295,10.382313,-1.1068435
2296,9.787734,-1.1413859
2297,9.787734,-1.1413859
2298,9.787734,-1.1413859
2299,9.787734,-1.1413859
2300,8.951156,-1.148168
2301,8.951156,-1.148168
2302,8.951156,-1.148168
2303,8.951156,-1.148168
2304,7.9035935,-1.128508
2305,7.9035935,-1.128508
2306,7.9035935,-1.128508
2307,7.9035935,-1.128508
2308,6.680022,-1.0818043
2309,6.680022,-1.0818043
2310,6.680022,-1.0818043
2311,6.680022,-1.0818043
2312,5.3180456,-1.0105383
2313,5.3180456,-1.0105383
2314,5.3180456,-1.0105383
2315,5.3180456,-1.0105383
2316,3.858033,-0.9154014
2317,3.858033,-0.9154014
2318,3.858033,-0.9154014
2319,3.858033,-0.9154014
2320,2.3411443,-0.80044305
2321,2.3411443,-0.80044305
2322,2.3411443,-0.80044305
2323,2.3411443,-0.80044305
2324,0.8092117,-0.66762704
2325,0.8092117,-0.66762704
2326,0.8092117,-0.66762704
2327,0.8092117,-0.66762704
2328,-0.6968597,-0.52167416
2329,-0.6968597,-0.52167416
2330,-0.6968597,-0.52167416
2331,-0.6968597,-0.52167416
2332,-2.1374187,-0.3658536
2333,-2.1374187,-0.3658536
2334,-2.1374187,-0.3658536
2335,-2.1374187,-0.3658536
2336,-3.4755657,-0.20555483
2337,-3.4755657,-0.20555483
2338,-3.4755657,-0.20555483
2339,-3.4755657,-0.20555483
2340,-4.6774917,-0.04447146
2341,-4.6774917,-0.04447146
2342,-4.6774917,-0.04447146
2343,-4.6774917,-0.04447146
2344,-5.7135696,0.111943334
2345,-5.7135696,0.111943334
2346,-5.7135696,0.111943334
2347,-5.7135696,0.111943334
2348,-6.558813,0.25949362
2349,-6.558813,0.25949362
2350,-6.558813,0.25949362
2351,-6.558813,0.25949362
2352,-7.1937084,0.3936381
2353,-7.1937084,0.3936381
2354,-7.1937084,0.3936381
2355,-7.1937084,0.3936381
2356,-7.604552,0.51050407
2357,-7.604552,0.51050407
2358,-7.604552,0.51050407
2359,-7.604552,0.51050407
2360,-7.7835836,0.60626364
2361,-7.7835836,0.60626364
2362,-7.7835836,0.60626364
2363,-7.7835836,0.60626364
2364,-7.729644,0.6779671
2365,-7.729644,0.6779671
2366,-7.729644,0.6779671
2367,-7.729644,0.6779671
2368,-7.4476767,0.72377384
2369,-7.4476767,0.72377384
2370,-7.4476767,0.72377384
2371,-7.4476767,0.72377384
2372,-6.9492073,0.7419765
2373,-6.9492073,0.7419765
2374,-6.9492073,0.7419765
2375,-6.9492073,0.7419765
2376,-6.251655,0.7322009
2377,-6.251655,0.7322009
2378,-6.251655,0.7322009
2379,-6.251655,0.7322009
2380,-5.3782635,0.6944324
2381,-5.3782635,0.6944324
2382,-5.3782635,0.6944324
2383,-5.3782635,0.6944324
2384,-4.357235,0.6312218
2385,-4.357235,0.6312218
2386,-4.357235,0.6312218
2387,-4.357235,0.6312218
2388,-3.2218218,0.5439707
2389,-3.2218218,0.5439707
2390,-3.2218218,0.5439707
2391,-3.2218218,0.5439707
2392,-2.0087936,0.43690187
2393,-2.0087936,0.43690187
2394,-2.0087936,0.43690187
2395,-2.0087936,0.43690187
2396,-0.75820386,0.31365576
2397,-0.75820386,0.31365576
2398,-0.75820386,0.31365576
2399,-0.75820386,0.31365576
2400,0.4881761,0.18098426
2401,0.4881761,0.18098426
2402,0.4881761,0.18098426
2403,0.4881761,0.18098426
2404,1.6866351,0.043487705
2405,1.6866351,0.043487705
2406,1.6866351,0.043487705
2407,1.6866351,0.043487705
2408,2.7936406,-0.0908209
2409,2.7936406,-0.0908209
2410,2.7936406,-0.0908209
2411,2.7936406,-0.0908209
2412,3.7662067,-0.21556406
2413,3.7662067,-0.21556406
2414,3.7662067,-0.21556406
2415,3.7662067,-0.21556406
2416,4.563547,-0.3216295
2417,4.563547,-0.3216295
2418,4.563547,-0.3216295
2419,4.563547,-0.3216295
2420,5.146679,-0.40261078
2421,5.146679,-0.40261078
2422,5.146679,-0.40261078
2423,5.146679,-0.40261078
2424,5.4809294,-0.44916677
2425,5.4809294,-0.44916677
2426,5.4809294,-0.44916677
2427,5.4809294,-0.44916677
2428,5.5357623,-0.4544363
2429,5.5357623,-0.4544363
2430,5.5357623,-0.4544363
2431,5.5357623,-0.4544363
2432,5.286063,-0.40999842
2433,5.286063,-0.40999842
2434,5.286063,-0.40999842
2435,5.286063,-0.40999842
2436,4.712076,-0.310315
2437,4.712076,-0.310315
2438,4.712076,-0.310315
2439,4.712076,-0.310315
2440,3.800855,-0.14803527
2441,3.800855,-0.14803527
2442,3.800855,-0.14803527
2443,3.800855,-0.14803527
2444,2.5460124,0.081163935
2445,2.5460124,0.081163935
2446,2.5460124,0.081163935
2447,2.5460124,0.081163935
2448,0.9481995,0.38175002
2449,0.9481995,0.38175002
2450,0.9481995,0.38175002
2451,0.9481995,0.38175002
2452,-0.9848238,0.7555
2453,-0.9848238,0.7555
2454,-0.9848238,0.7555
2455,-0.9848238,0.7555
2456,-3.2379243,1.2046324
2457,-3.2379243,1.2046324
2458,-3.2379243,1.2046324
2459,-3.2379243,1.2046324
2460,-5.789292,1.72839
2461,-5.789292,1.72839
2462,-5.789292,1.72839
2463,-5.789292,1.72839
2464,-8.610637,2.3247666
2465,-8.610637,2.3247666
2466,-8.610637,2.3247666
2467,-8.610637,2.3247666
2468,-11.667125,2.9898999
2469,-11.667125,2.9898999
2470,-11.667125,2.9898999
2471,-11.667125,2.9898999
2472,-14.918446,3.719207
2473,-14.918446,3.719207
2474,-14.918446,3.719207
2475,-14.918446,3.719207
2476,-18.319675,4.5057526
2477,-18.319675,4.5057526
2478,-18.319675,4.5057526
2479,-18.319675,4.5057526
2480,-21.822044,5.340517
2481,-21.822044,5.340517
2482,-21.822044,5.340517
2483,-21.822044,5.340517
2484,-25.37298,6.213887
2485,-25.37298,6.213887
2486,-25.37298,6.213887
2487,-25.37298,6.213887
2488,-28.918045,7.1150365
2489,-28.918045,7.1150365
2490,-28.918045,7.1150365
2491,-28.918045,7.1150365
2492,-32.402,8.031801
2493,-32.402,8.031801
2494,-32.402,8.031801
2495,-32.402,8.031801
2496,-35.769524,8.9501
2497,-35.769524,8.9501
2498,-35.769524,8.9501
2499,-35.769524,8.9501
2500,-38.96557,9.856457
2501,-38.96557,9.856457
2502,-38.96557,9.856457
2503,-38.96557,9.856457
2504,-41.937553,10.736715
2505,-41.937553,10.736715
2506,-41.937553,10.736715
2507,-41.937553,10.736715
2508,-44.63629,11.576565
2509,-44.63629,11.576565
2510,-44.63629,11.576565
2511,-44.63629,11.576565
2512,-47.01645,12.360592
2513,-47.01645,12.360592
2514,-47.01645,12.360592
2515,-47.01645,12.360592
2516,-49.036854,13.075372
2517,-49.036854,13.075372
2518,-49.036854,13.075372
2519,-49.036854,13.075372
2520,-50.662483,13.707665
2521,-50.662483,13.707665
2522,-50.662483,13.707665
2523,-50.662483,13.707665
2524,-51.864983,14.245206
2525,-51.864983,14.245206
2526,-51.864983,14.245206
2527,-51.864983,14.245206
2528,-52.6226,14.675988
2529,-52.6226,14.675988
2530,-52.6226,14.675988
2531,-52.6226,14.675988
2532,-52.9204,14.990937
2533,-52.9204,14.990937
2534,-52.9204,14.990937
2535,-52.9204,14.990937
2536,-52.751442,15.182191
2537,-52.751442,15.182191
2538,-52.751442,15.182191
2539,-52.751442,15.182191
2540,-52.116905,15.243646
2541,-52.116905,15.243646
2542,-52.116905,15.243646
2543,-52.116905,15.243646
2544,-51.025047,15.170825
2545,-51.025047,15.170825
2546,-51.025047,15.170825
2547,-51.025047,15.170825
2548,-49.49162,14.9621105
2549,-49.49162,14.9621105
2550,-49.49162,14.9621105
2551,-49.49162,14.9621105
2552,-47.539783,14.618421
2553,-47.539783,14.618421
2554,-47.539783,14.618421
2555,-47.539783,14.618421
2556,-45.19983,14.142071
2557,-45.19983,14.142071
2558,-45.19983,14.142071
2559,-45.19983,14.142071
2560,-42.507637,13.538171
2561,-42.507637,13.538171
2562,-42.507637,13.538171
2563,-42.507637,13.538171
2564,-39.504635,12.813917
2565,-39.504635,12.813917
2566,-39.504635,12.813917
2567,-39.504635,12.813917
2568,-36.23732,11.97931
2569,-36.23732,11.97931
2570,-36.23732,11.97931
2571,-36.23732,11.97931
2572,-32.756,11.045137
2573,-32.756,11.045137
2574,-32.756,11.045137
2575,-32.756,11.045137
2576,-29.113358,10.025049
2577,-29.113358,10.025049
2578,-29.113358,10.025049
2579,-29.113358,10.025049
2580,-25.364408,8.933618
2581,-25.364408,8.933618
2582,-25.364408,8.933618
2583,-25.364408,8.933618
2584,-21.56503,7.787414
2585,-21.56503,7.787414
2586,-21.56503,7.787414
2587,-21.56503,7.787414
2588,-17.7709,6.602973
2589,-17.7709,6.602973
2590,-17.7709,6.602973
2591,-17.7709,6.602973
2592,-14.036212,5.3989205
2593,-14.036212,5.3989205
2594,-14.036212,5.3989205
2595,-14.036212,5.3989205
2596,-10.413631,4.1929264
2597,-10.413631,4.1929264
2598,-10.413631,4.1929264
2599,-10.413631,4.1929264
2600,-6.952377,3.003782
2601,-6.952377,3.003782
2602,-6.952377,3.003782
2603,-6.952377,3.003782
2604,-3.6977537,1.8488758
2605,-3.6977537,1.8488758
2606,-3.6977537,1.8488758
2607,-3.6977537,1.8488758
2608,-0.690499,0.74626625
2609,-0.690499,0.74626625
2610,-0.690499,0.74626625
2611,-0.690499,0.74626625
2612,2.0339372,-0.28826147
2613,2.0339372,-0.28826147
2614,2.0339372,-0.28826147
2615,2.0339372,-0.28826147
2616,4.446019,-1.2393855
2617,4.446019,-1.2393855
2618,4.446019,-1.2393855
2619,4.446019,-1.2393855
2620,6.5226173,-2.0938077
2621,6.5226173,-2.0938077
2622,6.5226173,-2.0938077
2623,6.5226173,-2.0938077
2624,8.247063,-2.839714
2625,8.247063,-2.839714
2626,8.247063,-2.839714
2627,8.247063,-2.839714
2628,9.609464,-3.4677446
2629,9.609464,-3.4677446
2630,9.609464,-3.4677446
2631,9.609464,-3.4677446
2632,10.606757,-3.9706118
2633,10.606757,-3.9706118
2634,10.606757,-3.9706118
2635,10.606757,-3.9706118
2636,11.242632,-4.343391
2637,11.242632,-4.343391
2638,11.242632,-4.343391
2639,11.242632,-4.343391
2640,11.527018,-4.5836864
2641,11.527018,-4.5836864
2642,11.527018,-4.5836864
2643,11.527018,-4.5836864
2644,11.476079,-4.6914854
2645,11.476079,-4.6914854
2646,11.476079,-4.6914854
2647,11.476079,-4.6914854
2648,11.111516,-4.6696167
2649,11.111516,-4.6696167
2650,11.111516,-4.6696167
2651,11.111516,-4.6696167
2652,10.460172,-4.522753
2653,10.460172,-4.522753
2654,10.460172,-4.522753
2655,10.460172,-4.522753
2656,9.552955,-4.258625
2657,9.552955,-4.258625
2658,9.552955,-4.258625
2659,9.552955,-4.258625
2660,8.424797,-3.8863182
2661,8.424797,-3.8863182
2662,8.424797,-3.8863182
2663,8.424797,-3.8863182
2664,7.1131754,-3.4176853
2665,7.1131754,-3.4176853
2666,7.1131754,-3.4176853
2667,7.1131754,-3.4176853
2668,5.657784,-2.8653111
2669,5.657784,-2.8653111
2670,5.657784,-2.8653111
2671,5.657784,-2.8653111
2672,4.09925,-2.2443612
2673,4.09925,-2.2443612
2674,4.09925,-2.2443612
2675,4.09925,-2.2443612
2676,2.478762,-1.5697651
2677,2.478762,-1.5697651
2678,2.478762,-1.5697651
2679,2.478762,-1.5697651
2680,0.83668184,-0.85855645
2681,0.83668184,-0.85855645
2682,0.83668184,-0.85855645
2683,0.83668184,-0.85855645
2684,-0.7874934,-0.12688471
2685,-0.7874934,-0.12688471
2686,-0.7874934,-0.12688471
2687,-0.7874934,-0.12688471
2688,-2.3571167,0.6076799
2689,-2.3571167,0.6076799
2690,-2.3571167,0.6076799
2691,-2.3571167,0.6076799
2692,-3.8375523,1.3292526
2693,-3.8375523,1.3292526
2694,-3.8375523,1.3292526
2695,-3.8375523,1.3292526
2696,-5.1979666,2.0209625
2697,-5.1979666,2.0209625
2698,-5.1979666,2.0209625
2699,-5.1979666,2.0209625
2700,-6.411424,2.6688743
2701,-6.411424,2.6688743
2702,-6.411424,2.6688743
2703,-6.411424,2.6688743
2704,-7.4552946,3.258301
2705,-7.4552946,3.258301
2706,-7.4552946,3.258301
2707,-7.4552946,3.258301
2708,-8.311624,3.777436
2709,-8.311624,3.777436
2710,-8.311624,3.777436
2711,-8.311624,3.777436
2712,-8.9672785,4.2157164
2713,-8.9672785,4.2157164
2714,-8.9672785,4.2157164
2715,-8.9672785,4.2157164
2716,-9.414254,4.564709
2717,-9.414254,4.564709
2718,-9.414254,4.564709
2719,-9.414254,4.564709
2720,-9.649632,4.817644
2721,-9.649632,4.817644
2722,-9.649632,4.817644
2723,-9.649632,4.817644
2724,-9.674783,4.9708376
2725,-9.674783,4.9708376
2726,-9.674783,4.9708376
2727,-9.674783,4.9708376
2728,-9.496446,5.0218186
2729,-9.496446,5.0218186
2730,-9.496446,5.0218186
2731,-9.496446,5.0218186
2732,-9.125353,4.971265
2733,-9.125353,4.971265
2734,-9.125353,4.971265
2735,-9.125353,4.971265
2736,-8.575772,4.821487
2737,-8.575772,4.821487
2738,-8.575772,4.821487
2739,-8.575772,4.821487
2740,-7.86628,4.577224
2741,-7.86628,4.577224
2742,-7.86628,4.577224
2743,-7.86628,4.577224
2744,-7.0175347,4.2451057
2745,-7.0175347,4.2451057
2746,-7.0175347,4.2451057
2747,-7.0175347,4.2451057
2748,-6.0528283,3.83322
2749,-6.0528283,3.83322
2750,-6.0528283,3.83322
2751,-6.0528283,3.83322
2752,-4.9971046,3.3519104
2753,-4.9971046,3.3519104
2754,-4.9971046,3.3519104
2755,-4.9971046,3.3519104
2756,-3.8763375,2.812057
2757,-3.8763375,2.812057
2758,-3.8763375,2.812057
2759,-3.8763375,2.812057
2760,-2.7168057,2.2259798
2761,-2.7168057,2.2259798
2762,-2.7168057,2.2259798
2763,-2.7168057,2.2259798
2764,-1.5445598,1.6062583
2765,-1.5445598,1.6062583
2766,-1.5445598,1.6062583
2767,-1.5445598,1.6062583
2768,-0.38456234,0.9666009
2769,-0.38456234,0.9666009
2770,-0.38456234,0.9666009
2771,-0.38456234,0.9666009
2772,0.73917943,0.3197502
2773,0.73917943,0.3197502
2774,0.73917943,0.3197502
2775,0.73917943,0.3197502
2776,1.8053479,-0.32103518
2777,1.8053479,-0.32103518
2778,1.8053479,-0.32103518
2779,1.8053479,-0.32103518
2780,2.7946682,-0.9437148
2781,2.7946682,-0.9437148
2782,2.7946682,-0.9437148
2783,2.7946682,-0.9437148
2784,3.690876,-1.5362961
2785,3.690876,-1.5362961
2786,3.690876,-1.5362961
2787,3.690876,-1.5362961
2788,4.480604,-2.0892959
2789,4.480604,-2.0892959
2790,4.480604,-2.0892959
2791,4.480604,-2.0892959
2792,5.1543946,-2.5930393
2793,5.1543946,-2.5930393
2794,5.1543946,-2.5930393
2795,5.1543946,-2.5930393
2796,5.7059226,-3.0410714
2797,5.7059226,-3.0410714
2798,5.7059226,-3.0410714
2799,5.7059226,-3.0410714
2800,6.1325026,-3.427027
2801,6.1325026,-3.427027
2802,6.1325026,-3.427027
2803,6.1325026,-3.427027
2804,6.4350514,-3.748014
2805,6.4350514,-3.748014
2806,6.4350514,-3.748014
2807,6.4350514,-3.748014
2808,6.6179714,-4.0020533
2809,6.6179714,-4.0020533
2810,6.6179714,-4.0020533
2811,6.6179714,-4.0020533
2812,6.688829,-4.189535
2813,6.688829,-4.189535
2814,6.688829,-4.189535
2815,6.688829,-4.189535
2816,6.657972,-4.3123846
2817,6.657972,-4.3123846
2818,6.657972,-4.3123846
2819,6.657972,-4.3123846
2820,6.538213,-4.375344
2821,6.538213,-4.375344
2822,6.538213,-4.375344
2823,6.538213,-4.375344
2824,6.3450575,-4.3833494
2825,6.3450575,-4.3833494
2826,6.3450575,-4.3833494
2827,6.3450575,-4.3833494
2828,6.0951266,-4.3443637
2829,6.0951266,-4.3443637
2830,6.0951266,-4.3443637
2831,6.0951266,-4.3443637
2832,5.806222,-4.2664237
2833,5.806222,-4.2664237
2834,5.806222,-4.2664237
2835,5.806222,-4.2664237
2836,5.497344,-4.1595864
2837,5.497344,-4.1595864
2838,5.497344,-4.1595864
2839,5.497344,-4.1595864
2840,5.1870537,-4.034222
2841,5.1870537,-4.034222
2842,5.1870537,-4.034222
2843,5.1870537,-4.034222
2844,4.893878,-3.901082
2845,4.893878,-3.901082
2846,4.893878,-3.901082
2847,4.893878,-3.901082
2848,4.635273,-3.7712207
2849,4.635273,-3.7712207
2850,4.635273,-3.7712207
2851,4.635273,-3.7712207
2852,4.4272223,-3.6560695
2853,4.4272223,-3.6560695
2854,4.4272223,-3.6560695
2855,4.4272223,-3.6560695
2856,4.284431,-3.565517
2857,4.284431,-3.565517
2858,4.284431,-3.565517
2859,4.284431,-3.565517
2860,4.2189307,-3.5095093
2861,4.2189307,-3.5095093
2862,4.2189307,-3.5095093
2863,4.2189307,-3.5095093
2864,4.2400427,-3.4967296
2865,4.2400427,-3.4967296
2866,4.2400427,-3.4967296
2867,4.2400427,-3.4967296
2868,4.3550572,-3.5344129
2869,4.3550572,-3.5344129
2870,4.3550572,-3.5344129
2871,4.3550572,-3.5344129
2872,4.567681,-3.6284873
2873,4.567681,-3.6284873
2874,4.567681,-3.6284873
2875,4.567681,-3.6284873
2876,4.8787827,-3.7827845
2877,4.8787827,-3.7827845
2878,4.8787827,-3.7827845
2879,4.8787827,-3.7827845
2880,5.2860346,-3.9994042
2881,5.2860346,-3.9994042
2882,5.2860346,-3.9994042
2883,5.2860346,-3.9994042
2884,5.7840824,-4.2786613
2885,5.7840824,-4.2786613
2886,5.7840824,-4.2786613
2887,5.7840824,-4.2786613
2888,6.364863,-4.618626
2889,6.364863,-4.618626
2890,6.364863,-4.618626
2891,6.364863,-4.618626
2892,7.0172033,-5.014953
2893,7.0172033,-5.014953
2894,7.0172033,-5.014953
2895,7.0172033,-5.014953
2896,7.7277217,-5.462063
2897,7.7277217,-5.462063
2898,7.7277217,-5.462063
2899,7.7277217,-5.462063
2900,8.480861,-5.952119
2901,8.480861,-5.952119
2902,8.480861,-5.952119
2903,8.480861,-5.952119
2904,9.259227,-6.4753695
2905,9.259227,-6.4753695
2906,9.259227,-6.4753695
2907,9.259227,-6.4753695
2908,10.044476,-7.0209155
2909,10.044476,-7.0209155
2910,10.044476,-7.0209155
2911,10.044476,-7.0209155
2912,10.81668,-7.576327
2913,10.81668,-7.576327
2914,10.81668,-7.576327
2915,10.81668,-7.576327
2916,11.556151,-8.128186
2917,11.556151,-8.128186
2918,11.556151,-8.128186
2919,11.556151,-8.128186
2920,12.243453,-8.662851
2921,12.243453,-8.662851
2922,12.243453,-8.662851
2923,12.243453,-8.662851
2924,12.859161,-9.165529
2925,12.859161,-9.165529
2926,12.859161,-9.165529
2927,12.859161,-9.165529
2928,13.385335,-9.622205
2929,13.385335,-9.622205
2930,13.385335,-9.622205
2931,13.385335,-9.622205
2932,13.805527,-10.019044
2933,13.805527,-10.019044
2934,13.805527,-10.019044
2935,13.805527,-10.019044
2936,14.105211,-10.342864
2937,14.105211,-10.342864
2938,14.105211,-10.342864
2939,14.105211,-10.342864
2940,14.272283,-10.581557
2941,14.272283,-10.581557
2942,14.272283,-10.581557
2943,14.272283,-10.581557
2944,14.297106,-10.724429
2945,14.297106,-10.724429
2946,14.297106,-10.724429
2947,14.297106,-10.724429
2948,14.173036,-10.762864
2949,14.173036,-10.762864
2950,14.173036,-10.762864
2951,14.173036,-10.762864
2952,13.896824,-10.689774
2953,13.896824,-10.689774
2954,13.896824,-10.689774
2955,13.896824,-10.689774
2956,13.468222,-10.500338
2957,13.468222,-10.500338
2958,13.468222,-10.500338
2959,13.468222,-10.500338
2960,12.889872,-10.192487
2961,12.889872,-10.192487
2962,12.889872,-10.192487
2963,12.889872,-10.192487
2964,12.168202,-9.766458
2965,12.168202,-9.766458
2966,12.168202,-9.766458
2967,12.168202,-9.766458
2968,11.312771,-9.225082
2969,11.312771,-9.225082
2970,11.312771,-9.225082
2971,11.312771,-9.225082
2972,10.335596,-8.573454
2973,10.335596,-8.573454
2974,10.335596,-8.573454
2975,10.335596,-8.573454
2976,9.2515335,-7.819643
2977,9.2515335,-7.819643
2978,9.2515335,-7.819643
2979,9.2515335,-7.819643
2980,8.077926,-6.974134
2981,8.077926,-6.974134
2982,8.077926,-6.974134
2983,8.077926,-6.974134
2984,6.834458,-6.0492682
2985,6.834458,-6.0492682
2986,6.834458,-6.0492682
2987,6.834458,-6.0492682
2988,5.5417547,-5.0594954
2989,5.5417547,-5.0594954
2990,5.5417547,-5.0594954
2991,5.5417547,-5.0594954
2992,4.221655,-4.0209665
2993,4.221655,-4.0209665
2994,4.221655,-4.0209665
2995,4.221655,-4.0209665
2996,2.8972278,-2.951787
2997,2.8972278,-2.951787
2998,2.8972278,-2.951787
2999,2.8972278,-2.951787
3000,1.5913321,-1.8701984
3001,1.5913321,-1.8701984
3002,1.5913321,-1.8701984
3003,1.5913321,-1.8701984
3004,0.32631704,-0.7950673
3005,0.32631704,-0.7950673
3006,0.32631704,-0.7950673
3007,0.32631704,-0.7950673
3008,-0.8761693,0.25360888
3009,-0.8761693,0.25360888
3010,-0.8761693,0.25360888
3011,-0.8761693,0.25360888
3012,-1.9957349,1.2566726
3013,-1.9957349,1.2566726
3014,-1.9957349,1.2566726
3015,-1.9957349,1.2566726
3016,-3.013341,2.195907
3017,-3.013341,2.195907
3018,-3.013341,2.195907
3019,-3.013341,2.195907
3020,-3.912758,3.0537658
3021,-3.912758,3.0537658
3022,-3.912758,3.0537658
3023,-3.912758,3.0537658
3024,-4.6803646,3.814323
3025,-4.6803646,3.814323
3026,-4.6803646,3.814323
3027,-4.6803646,3.814323
3028,-5.304306,4.4633393
3029,-5.304306,4.4633393
3030,-5.304306,4.4633393
3031,-5.304306,4.4633393
3032,-5.7765107,4.9891276
3033,-5.7765107,4.9891276
3034,-5.7765107,4.9891276
3035,-5.7765107,4.9891276
3036,-6.0924435,5.3827267
3037,-6.0924435,5.3827267
3038,-6.0924435,5.3827267
3039,-6.0924435,5.3827267
3040,-6.2503443,5.6372395
3041,-6.2503443,5.6372395
3042,-6.2503443,5.6372395
3043,-6.2503443,5.6372395
3044,-6.2516756,5.7488704
3045,-6.2516756,5.7488704
3046,-6.2516756,5.7488704
3047,-6.2516756,5.7488704
3048,-6.1014447,5.7176085
3049,-6.1014447,5.7176085
3050,-6.1014447,5.7176085
3051,-6.1014447,5.7176085
3052,-5.8080864,5.545941
3053,-5.8080864,5.545941
3054,-5.8080864,5.545941
3055,-5.8080864,5.545941
3056,-5.382403,5.239227
3057,-5.382403,5.239227
3058,-5.382403,5.239227
3059,-5.382403,5.239227
3060,-4.8382177,4.8064203
3061,-4.8382177,4.8064203
3062,-4.8382177,4.8064203
3063,-4.8382177,4.8064203
3064,-4.1916027,4.259268
3065,-4.1916027,4.259268
3066,-4.1916027,4.259268
3067,-4.1916027,4.259268
3068,-3.460854,3.6117442
3069,-3.460854,3.6117442
3070,-3.460854,3.6117442
3071,-3.460854,3.6117442
3072,-2.6659966,2.880427
3073,-2.6659966,2.880427
3074,-2.6659966,2.880427
3075,-2.6659966,2.880427
3076,-1.8273646,2.0838737
3077,-1.8273646,2.0838737
3078,-1.8273646,2.0838737
3079,-1.8273646,2.0838737
3080,-0.9669705,1.2422264
3081,-0.9669705,1.2422264
3082,-0.9669705,1.2422264
3083,-0.9669705,1.2422264
3084,-0.10649853,0.37684768
3085,-0.10649853,0.37684768
3086,-0.10649853,0.37684768
3087,-0.10649853,0.37684768
3088,0.73271346,-0.49071765
3089,0.73271346,-0.49071765
3090,0.73271346,-0.49071765
3091,0.73271346,-0.49071765
3092,1.5297902,-1.3381048
3093,1.5297902,-1.3381048
3094,1.5297902,-1.3381048
3095,1.5297902,-1.3381048
3096,2.2655842,-2.1432116
3097,2.2655842,-2.1432116
3098,2.2655842,-2.1432116
3099,2.2655842,-2.1432116
3100,2.9221916,-2.8858242
3101,2.9221916,-2.8858242
3102,2.9221916,-2.8858242
3103,2.9221916,-2.8858242
3104,3.4837468,-3.5458443
3105,3.4837468,-3.5458443
3106,3.4837468,-3.5458443
3107,3.4837468,-3.5458443
3108,3.9373846,-4.105558
3109,3.9373846,-4.105558
3110,3.9373846,-4.105558
3111,3.9373846,-4.105558
3112,4.27234,-4.54968
3113,4.27234,-4.54968
3114,4.27234,-4.54968
3115,4.27234,-4.54968
3116,4.480984,-4.8650694
3117,4.480984,-4.8650694
3118,4.480984,-4.8650694
3119,4.480984,-4.8650694
3120,4.559068,-5.042225
3121,4.559068,-5.042225
3122,4.559068,-5.042225
3123,4.559068,-5.042225
3124,4.5049624,-5.0743055
3125,4.5049624,-5.0743055
3126,4.5049624,-5.0743055
3127,4.5049624,-5.0743055
3128,4.3208966,-4.9583297
3129,4.3208966,-4.9583297
3130,4.3208966,-4.9583297
3131,4.3208966,-4.9583297
3132,4.011932,-4.6949916
3133,4.011932,-4.6949916
3134,4.011932,-4.6949916
3135,4.011932,-4.6949916
3136,3.5861645,-4.288504
3137,3.5861645,-4.288504
3138,3.5861645,-4.288504
3139,3.5861645,-4.288504
3140,3.05471,-3.7467115
3141,3.05471,-3.7467115
3142,3.05471,-3.7467115
3143,3.05471,-3.7467115
3144,2.4311101,-3.0812962
3145,2.4311101,-3.0812962
3146,2.4311101,-3.0812962
3147,2.4311101,-3.0812962
3148,1.7316351,-2.3070712
3149,1.7316351,-2.3070712
3150,1.7316351,-2.3070712
3151,1.7316351,-2.3070712
3152,0.97405815,-1.4421339
3153,0.97405815,-1.4421339
3154,0.97405815,-1.4421339
3155,0.97405815,-1.4421339
3156,0.1779314,-0.5072011
3157,0.1779314,-0.5072011
3158,0.1779314,-0.5072011
3159,0.1779314,-0.5072011
3160,-0.63613695,0.4744854
3161,-0.63613695,0.4744854
3162,-0.63613695,0.4744854
3163,-0.63613695,0.4744854
3164,-1.4465708,1.4779513
3165,-1.4465708,1.4779513
3166,-1.4465708,1.4779513
3167,-1.4465708,1.4779513
3168,-2.2320647,2.4765403
3169,-2.2320647,2.4765403
3170,-2.2320647,2.4765403
3171,-2.2320647,2.4765403
3172,-2.971357,3.4429126
3173,-2.971357,3.4429126
3174,-2.971357,3.4429126
3175,-2.971357,3.4429126
3176,-3.6436098,4.34981
3177,-3.6436098,4.34981
3178,-3.6436098,4.34981
3179,-3.6436098,4.34981
3180,-4.22959,5.169417
3181,-4.22959,5.169417
3182,-4.22959,5.169417
3183,-4.22959,5.169417
3184,-4.7116594,5.875881
3185,-4.7116594,5.875881
3186,-4.7116594,5.875881
3187,-4.7116594,5.875881
3188,-5.0737524,6.444151
3189,-5.0737524,6.444151
3190,-5.0737524,6.444151
3191,-5.0737524,6.444151
3192,-5.30248,6.851434
3193,-5.30248,6.851434
3194,-5.30248,6.851434
3195,-5.30248,6.851434
3196,-5.3871174,7.0778203
3197,-5.3871174,7.0778203
3198,-5.3871174,7.0778203
3199,-5.3871174,7.0778203
3200,-5.319364,7.1061716
3201,-5.319364,7.1061716
3202,-5.319364,7.1061716
3203,-5.319364,7.1061716
3204,-5.094812,6.9228477
3205,-5.094812,6.9228477
3206,-5.094812,6.9228477
3207,-5.094812,6.9228477
3208,-4.71092,6.5184956
3209,-4.71092,6.5184956
3210,-4.71092,6.5184956
3211,-4.71092,6.5184956
3212,-4.1697235,5.887231
3213,-4.1697235,5.887231
3214,-4.1697235,5.887231
3215,-4.1697235,5.887231
3216,-3.4754953,5.0283766
3217,-3.4754953,5.0283766
3218,-3.4754953,5.0283766
3219,-3.4754953,5.0283766
3220,-2.6357477,3.9451084
3221,-2.6357477,3.9451084
3222,-2.6357477,3.9451084
3223,-2.6357477,3.9451084
3224,-1.6611887,2.6448672
3225,-1.6611887,2.6448672
3226,-1.6611887,2.6448672
3227,-1.6611887,2.6448672
3228,-0.56536305,1.1405443
3229,-0.56536305,1.1405443
3230,-0.56536305,1.1405443
3231,-0.56536305,1.1405443
3232,0.6366867,-0.55187625
3233,0.6366867,-0.55187625
3234,0.6366867,-0.55187625
3235,0.6366867,-0.55187625
3236,1.9263959,-2.4117777
3237,1.9263959,-2.4117777
3238,1.9263959,-2.4117777
3239,1.9263959,-2.4117777
3240,3.2845638,-4.415154
3241,3.2845638,-4.415154
3242,3.2845638,-4.415154
3243,3.2845638,-4.415154
3244,4.548386,-6.337467
3245,4.548386,-6.337467
3246,4.548386,-6.337467
3247,4.548386,-6.337467
3248,5.4044957,-7.7176275
3249,5.4044957,-7.7176275
3250,5.4044957,-7.7176275
3251,5.4044957,-7.7176275
3252,5.665428,-8.249251
3253,5.665428,-8.249251
3254,5.665428,-8.249251
3255,5.665428,-8.249251
3256,5.262132,-7.791992
3257,5.262132,-7.791992
3258,5.262132,-7.791992
3259,5.262132,-7.791992
3260,4.2714744,-6.4216504
3261,4.2714744,-6.4216504
3262,4.2714744,-6.4216504
3263,4.2714744,-6.4216504
3264,2.9113736,-4.4390597
3265,2.9113736,-4.4390597
3266,2.9113736,-4.4390597
3267,2.9113736,-4.4390597
3268,1.5053333,-2.3261206
3269,1.5053333,-2.3261206
3270,1.5053333,-2.3261206
3271,1.5053333,-2.3261206
3272,0.4217972,-0.66023445
3273,0.4217972,-0.66023445
3274,0.4217972,-0.66023445
3275,0.4217972,-0.66023445
3276,0,0
3277,0,0
3278,0,0
3279,0,0
